figure_id	panel_id	source_id	record_id	system	variant	dataset	workload	scope	x_name	x_value	x_unit	metric	value	unit	aggregation	protocol_id	correctness_status	plot_eligibility	verdict	value_provenance	protocol_provenance	caveat
fig3-resource-tradeoff	sf10-import-resource	w6_sf10_fig3	SF10:schema:store_size_bytes	SemL0	schema	SF10	import_snb_full	single import; /usr/bin/time -v; SNB_SKIP_ADJ_CACHE=1; memgraph_bytes=67108864	semantic_budget			store_size_bytes	14306705264	bytes	du_-sb_after_import	w6_sf10_import_time_v	EXIT_0	IMPORT_RESOURCE_ONLY	FIX	cidr-experiments/data/source-cache/w6-sf10-priority-20260709/manifest.tsv row=schema/import column=store_size_bytes	lsmgraph-rs/baseline/run_w6_sf100_matrix_20260613.sh#import_variant; cidr-experiments/data/source-cache/w6-sf10-priority-20260709/manifest.tsv row=schema/import	Import-side resource evidence only; no read-phase CPU/op, PSS, perf counters, compaction stall, or independent import repeats. Git SHA, binary hash, and run-specific hardware manifest are absent.
fig3-resource-tradeoff	sf10-import-resource	w6_sf10_fig3	SF10:schema:store_size_gib_derived	SemL0	schema	SF10	import_snb_full	single import; /usr/bin/time -v; SNB_SKIP_ADJ_CACHE=1; memgraph_bytes=67108864	semantic_budget			store_size_gib_derived	13.3241575807333	GiB	derived	w6_sf10_import_time_v	EXIT_0	IMPORT_RESOURCE_ONLY	FIX	cidr-experiments/data/source-cache/w6-sf10-priority-20260709/manifest.tsv row=schema/import store_size_bytes / 2^30	lsmgraph-rs/baseline/run_w6_sf100_matrix_20260613.sh#import_variant; cidr-experiments/data/source-cache/w6-sf10-priority-20260709/manifest.tsv row=schema/import	Import-side resource evidence only; no read-phase CPU/op, PSS, perf counters, compaction stall, or independent import repeats. Git SHA, binary hash, and run-specific hardware manifest are absent.
fig3-resource-tradeoff	sf10-import-resource	w6_sf10_fig3	SF10:schema:l0_files	SemL0	schema	SF10	import_snb_full	single import; /usr/bin/time -v; SNB_SKIP_ADJ_CACHE=1; memgraph_bytes=67108864	semantic_budget			l0_files	376	files	single_import	w6_sf10_import_time_v	EXIT_0	IMPORT_RESOURCE_ONLY	FIX	cidr-experiments/data/source-cache/w6-sf10-priority-20260709-summary.md#Aggregate Matrix row=schema column=L0 files	lsmgraph-rs/baseline/run_w6_sf100_matrix_20260613.sh#import_variant; cidr-experiments/data/source-cache/w6-sf10-priority-20260709/manifest.tsv row=schema/import	Import-side resource evidence only; no read-phase CPU/op, PSS, perf counters, compaction stall, or independent import repeats. Git SHA, binary hash, and run-specific hardware manifest are absent.
fig3-resource-tradeoff	sf10-import-resource	w6_sf10_fig3	SF10:schema:import_elapsed_s	SemL0	schema	SF10	import_snb_full	single import; /usr/bin/time -v; SNB_SKIP_ADJ_CACHE=1; memgraph_bytes=67108864	semantic_budget			import_elapsed_s	199.49	seconds	single_import_wall_clock	w6_sf10_import_time_v	EXIT_0	IMPORT_RESOURCE_ONLY	FIX	cidr-experiments/data/source-cache/w6-sf10-priority-20260709/schema-import.stderr#/usr/bin/time -v field=Elapsed raw=3:19.49; parsed as minutes:seconds	lsmgraph-rs/baseline/run_w6_sf100_matrix_20260613.sh#import_variant; cidr-experiments/data/source-cache/w6-sf10-priority-20260709/manifest.tsv row=schema/import	Import-side resource evidence only; no read-phase CPU/op, PSS, perf counters, compaction stall, or independent import repeats. Git SHA, binary hash, and run-specific hardware manifest are absent.
fig3-resource-tradeoff	sf10-import-resource	w6_sf10_fig3	SF10:schema:import_user_cpu_s	SemL0	schema	SF10	import_snb_full	single import; /usr/bin/time -v; SNB_SKIP_ADJ_CACHE=1; memgraph_bytes=67108864	semantic_budget			import_user_cpu_s	331.82	seconds	single_import	w6_sf10_import_time_v	EXIT_0	IMPORT_RESOURCE_ONLY	FIX	cidr-experiments/data/source-cache/w6-sf10-priority-20260709/schema-import.stderr#/usr/bin/time -v field=User time (seconds)	lsmgraph-rs/baseline/run_w6_sf100_matrix_20260613.sh#import_variant; cidr-experiments/data/source-cache/w6-sf10-priority-20260709/manifest.tsv row=schema/import	Import-side resource evidence only; no read-phase CPU/op, PSS, perf counters, compaction stall, or independent import repeats. Git SHA, binary hash, and run-specific hardware manifest are absent.
fig3-resource-tradeoff	sf10-import-resource	w6_sf10_fig3	SF10:schema:import_system_cpu_s	SemL0	schema	SF10	import_snb_full	single import; /usr/bin/time -v; SNB_SKIP_ADJ_CACHE=1; memgraph_bytes=67108864	semantic_budget			import_system_cpu_s	51.04	seconds	single_import	w6_sf10_import_time_v	EXIT_0	IMPORT_RESOURCE_ONLY	FIX	cidr-experiments/data/source-cache/w6-sf10-priority-20260709/schema-import.stderr#/usr/bin/time -v field=System time (seconds)	lsmgraph-rs/baseline/run_w6_sf100_matrix_20260613.sh#import_variant; cidr-experiments/data/source-cache/w6-sf10-priority-20260709/manifest.tsv row=schema/import	Import-side resource evidence only; no read-phase CPU/op, PSS, perf counters, compaction stall, or independent import repeats. Git SHA, binary hash, and run-specific hardware manifest are absent.
fig3-resource-tradeoff	sf10-import-resource	w6_sf10_fig3	SF10:schema:import_cpu_percent	SemL0	schema	SF10	import_snb_full	single import; /usr/bin/time -v; SNB_SKIP_ADJ_CACHE=1; memgraph_bytes=67108864	semantic_budget			import_cpu_percent	191	percent	single_import	w6_sf10_import_time_v	EXIT_0	IMPORT_RESOURCE_ONLY	FIX	cidr-experiments/data/source-cache/w6-sf10-priority-20260709/schema-import.stderr#/usr/bin/time -v field=Percent of CPU this job got	lsmgraph-rs/baseline/run_w6_sf100_matrix_20260613.sh#import_variant; cidr-experiments/data/source-cache/w6-sf10-priority-20260709/manifest.tsv row=schema/import	Import-side resource evidence only; no read-phase CPU/op, PSS, perf counters, compaction stall, or independent import repeats. Git SHA, binary hash, and run-specific hardware manifest are absent.
fig3-resource-tradeoff	sf10-import-resource	w6_sf10_fig3	SF10:schema:import_max_rss_kb	SemL0	schema	SF10	import_snb_full	single import; /usr/bin/time -v; SNB_SKIP_ADJ_CACHE=1; memgraph_bytes=67108864	semantic_budget			import_max_rss_kb	2226668	kbytes_time_v	single_import	w6_sf10_import_time_v	EXIT_0	IMPORT_RESOURCE_ONLY	FIX	cidr-experiments/data/source-cache/w6-sf10-priority-20260709/schema-import.stderr#/usr/bin/time -v field=Maximum resident set size (kbytes)	lsmgraph-rs/baseline/run_w6_sf100_matrix_20260613.sh#import_variant; cidr-experiments/data/source-cache/w6-sf10-priority-20260709/manifest.tsv row=schema/import	Import-side resource evidence only; no read-phase CPU/op, PSS, perf counters, compaction stall, or independent import repeats. Git SHA, binary hash, and run-specific hardware manifest are absent.
fig3-resource-tradeoff	sf10-import-resource	w6_sf10_fig3	SF10:schema:filesystem_inputs	SemL0	schema	SF10	import_snb_full	single import; /usr/bin/time -v; SNB_SKIP_ADJ_CACHE=1; memgraph_bytes=67108864	semantic_budget			filesystem_inputs	12618512	time_v_reported_units	single_import	w6_sf10_import_time_v	EXIT_0	IMPORT_RESOURCE_ONLY	FIX	cidr-experiments/data/source-cache/w6-sf10-priority-20260709/schema-import.stderr#/usr/bin/time -v field=File system inputs	lsmgraph-rs/baseline/run_w6_sf100_matrix_20260613.sh#import_variant; cidr-experiments/data/source-cache/w6-sf10-priority-20260709/manifest.tsv row=schema/import	Import-side resource evidence only; no read-phase CPU/op, PSS, perf counters, compaction stall, or independent import repeats. Git SHA, binary hash, and run-specific hardware manifest are absent.
fig3-resource-tradeoff	sf10-import-resource	w6_sf10_fig3	SF10:schema:filesystem_outputs	SemL0	schema	SF10	import_snb_full	single import; /usr/bin/time -v; SNB_SKIP_ADJ_CACHE=1; memgraph_bytes=67108864	semantic_budget			filesystem_outputs	27947592	time_v_reported_units	single_import	w6_sf10_import_time_v	EXIT_0	IMPORT_RESOURCE_ONLY	FIX	cidr-experiments/data/source-cache/w6-sf10-priority-20260709/schema-import.stderr#/usr/bin/time -v field=File system outputs	lsmgraph-rs/baseline/run_w6_sf100_matrix_20260613.sh#import_variant; cidr-experiments/data/source-cache/w6-sf10-priority-20260709/manifest.tsv row=schema/import	Import-side resource evidence only; no read-phase CPU/op, PSS, perf counters, compaction stall, or independent import repeats. Git SHA, binary hash, and run-specific hardware manifest are absent.
fig3-resource-tradeoff	sf10-import-resource	w6_sf10_fig3	SF10:schema:exit_status	SemL0	schema	SF10	import_snb_full	single import; /usr/bin/time -v; SNB_SKIP_ADJ_CACHE=1; memgraph_bytes=67108864	semantic_budget			exit_status	0	code	single_import	w6_sf10_import_time_v	EXIT_0	IMPORT_RESOURCE_ONLY	FIX	cidr-experiments/data/source-cache/w6-sf10-priority-20260709/schema-import.stderr#/usr/bin/time -v field=Exit status	lsmgraph-rs/baseline/run_w6_sf100_matrix_20260613.sh#import_variant; cidr-experiments/data/source-cache/w6-sf10-priority-20260709/manifest.tsv row=schema/import	Import-side resource evidence only; no read-phase CPU/op, PSS, perf counters, compaction stall, or independent import repeats. Git SHA, binary hash, and run-specific hardware manifest are absent.
fig3-resource-tradeoff	sf10-import-resource	w6_sf10_fig3	SF10:naive:store_size_bytes	SemL0	naive	SF10	import_snb_full	single import; /usr/bin/time -v; SNB_SKIP_ADJ_CACHE=1; memgraph_bytes=67108864	semantic_budget			store_size_bytes	14399256549	bytes	du_-sb_after_import	w6_sf10_import_time_v	EXIT_0	IMPORT_RESOURCE_ONLY	FIX	cidr-experiments/data/source-cache/w6-sf10-priority-20260709/manifest.tsv row=naive/import column=store_size_bytes	lsmgraph-rs/baseline/run_w6_sf100_matrix_20260613.sh#import_variant; cidr-experiments/data/source-cache/w6-sf10-priority-20260709/manifest.tsv row=naive/import	Import-side resource evidence only; no read-phase CPU/op, PSS, perf counters, compaction stall, or independent import repeats. Git SHA, binary hash, and run-specific hardware manifest are absent.
fig3-resource-tradeoff	sf10-import-resource	w6_sf10_fig3	SF10:naive:store_size_gib_derived	SemL0	naive	SF10	import_snb_full	single import; /usr/bin/time -v; SNB_SKIP_ADJ_CACHE=1; memgraph_bytes=67108864	semantic_budget			store_size_gib_derived	13.41035268176347	GiB	derived	w6_sf10_import_time_v	EXIT_0	IMPORT_RESOURCE_ONLY	FIX	cidr-experiments/data/source-cache/w6-sf10-priority-20260709/manifest.tsv row=naive/import store_size_bytes / 2^30	lsmgraph-rs/baseline/run_w6_sf100_matrix_20260613.sh#import_variant; cidr-experiments/data/source-cache/w6-sf10-priority-20260709/manifest.tsv row=naive/import	Import-side resource evidence only; no read-phase CPU/op, PSS, perf counters, compaction stall, or independent import repeats. Git SHA, binary hash, and run-specific hardware manifest are absent.
fig3-resource-tradeoff	sf10-import-resource	w6_sf10_fig3	SF10:naive:l0_files	SemL0	naive	SF10	import_snb_full	single import; /usr/bin/time -v; SNB_SKIP_ADJ_CACHE=1; memgraph_bytes=67108864	semantic_budget			l0_files	170	files	single_import	w6_sf10_import_time_v	EXIT_0	IMPORT_RESOURCE_ONLY	FIX	cidr-experiments/data/source-cache/w6-sf10-priority-20260709-summary.md#Aggregate Matrix row=naive column=L0 files	lsmgraph-rs/baseline/run_w6_sf100_matrix_20260613.sh#import_variant; cidr-experiments/data/source-cache/w6-sf10-priority-20260709/manifest.tsv row=naive/import	Import-side resource evidence only; no read-phase CPU/op, PSS, perf counters, compaction stall, or independent import repeats. Git SHA, binary hash, and run-specific hardware manifest are absent.
fig3-resource-tradeoff	sf10-import-resource	w6_sf10_fig3	SF10:naive:import_elapsed_s	SemL0	naive	SF10	import_snb_full	single import; /usr/bin/time -v; SNB_SKIP_ADJ_CACHE=1; memgraph_bytes=67108864	semantic_budget			import_elapsed_s	193.52	seconds	single_import_wall_clock	w6_sf10_import_time_v	EXIT_0	IMPORT_RESOURCE_ONLY	FIX	cidr-experiments/data/source-cache/w6-sf10-priority-20260709/naive-import.stderr#/usr/bin/time -v field=Elapsed raw=3:13.52; parsed as minutes:seconds	lsmgraph-rs/baseline/run_w6_sf100_matrix_20260613.sh#import_variant; cidr-experiments/data/source-cache/w6-sf10-priority-20260709/manifest.tsv row=naive/import	Import-side resource evidence only; no read-phase CPU/op, PSS, perf counters, compaction stall, or independent import repeats. Git SHA, binary hash, and run-specific hardware manifest are absent.
fig3-resource-tradeoff	sf10-import-resource	w6_sf10_fig3	SF10:naive:import_user_cpu_s	SemL0	naive	SF10	import_snb_full	single import; /usr/bin/time -v; SNB_SKIP_ADJ_CACHE=1; memgraph_bytes=67108864	semantic_budget			import_user_cpu_s	319.67	seconds	single_import	w6_sf10_import_time_v	EXIT_0	IMPORT_RESOURCE_ONLY	FIX	cidr-experiments/data/source-cache/w6-sf10-priority-20260709/naive-import.stderr#/usr/bin/time -v field=User time (seconds)	lsmgraph-rs/baseline/run_w6_sf100_matrix_20260613.sh#import_variant; cidr-experiments/data/source-cache/w6-sf10-priority-20260709/manifest.tsv row=naive/import	Import-side resource evidence only; no read-phase CPU/op, PSS, perf counters, compaction stall, or independent import repeats. Git SHA, binary hash, and run-specific hardware manifest are absent.
fig3-resource-tradeoff	sf10-import-resource	w6_sf10_fig3	SF10:naive:import_system_cpu_s	SemL0	naive	SF10	import_snb_full	single import; /usr/bin/time -v; SNB_SKIP_ADJ_CACHE=1; memgraph_bytes=67108864	semantic_budget			import_system_cpu_s	49.91	seconds	single_import	w6_sf10_import_time_v	EXIT_0	IMPORT_RESOURCE_ONLY	FIX	cidr-experiments/data/source-cache/w6-sf10-priority-20260709/naive-import.stderr#/usr/bin/time -v field=System time (seconds)	lsmgraph-rs/baseline/run_w6_sf100_matrix_20260613.sh#import_variant; cidr-experiments/data/source-cache/w6-sf10-priority-20260709/manifest.tsv row=naive/import	Import-side resource evidence only; no read-phase CPU/op, PSS, perf counters, compaction stall, or independent import repeats. Git SHA, binary hash, and run-specific hardware manifest are absent.
fig3-resource-tradeoff	sf10-import-resource	w6_sf10_fig3	SF10:naive:import_cpu_percent	SemL0	naive	SF10	import_snb_full	single import; /usr/bin/time -v; SNB_SKIP_ADJ_CACHE=1; memgraph_bytes=67108864	semantic_budget			import_cpu_percent	190	percent	single_import	w6_sf10_import_time_v	EXIT_0	IMPORT_RESOURCE_ONLY	FIX	cidr-experiments/data/source-cache/w6-sf10-priority-20260709/naive-import.stderr#/usr/bin/time -v field=Percent of CPU this job got	lsmgraph-rs/baseline/run_w6_sf100_matrix_20260613.sh#import_variant; cidr-experiments/data/source-cache/w6-sf10-priority-20260709/manifest.tsv row=naive/import	Import-side resource evidence only; no read-phase CPU/op, PSS, perf counters, compaction stall, or independent import repeats. Git SHA, binary hash, and run-specific hardware manifest are absent.
fig3-resource-tradeoff	sf10-import-resource	w6_sf10_fig3	SF10:naive:import_max_rss_kb	SemL0	naive	SF10	import_snb_full	single import; /usr/bin/time -v; SNB_SKIP_ADJ_CACHE=1; memgraph_bytes=67108864	semantic_budget			import_max_rss_kb	2330236	kbytes_time_v	single_import	w6_sf10_import_time_v	EXIT_0	IMPORT_RESOURCE_ONLY	FIX	cidr-experiments/data/source-cache/w6-sf10-priority-20260709/naive-import.stderr#/usr/bin/time -v field=Maximum resident set size (kbytes)	lsmgraph-rs/baseline/run_w6_sf100_matrix_20260613.sh#import_variant; cidr-experiments/data/source-cache/w6-sf10-priority-20260709/manifest.tsv row=naive/import	Import-side resource evidence only; no read-phase CPU/op, PSS, perf counters, compaction stall, or independent import repeats. Git SHA, binary hash, and run-specific hardware manifest are absent.
fig3-resource-tradeoff	sf10-import-resource	w6_sf10_fig3	SF10:naive:filesystem_inputs	SemL0	naive	SF10	import_snb_full	single import; /usr/bin/time -v; SNB_SKIP_ADJ_CACHE=1; memgraph_bytes=67108864	semantic_budget			filesystem_inputs	64	time_v_reported_units	single_import	w6_sf10_import_time_v	EXIT_0	IMPORT_RESOURCE_ONLY	FIX	cidr-experiments/data/source-cache/w6-sf10-priority-20260709/naive-import.stderr#/usr/bin/time -v field=File system inputs	lsmgraph-rs/baseline/run_w6_sf100_matrix_20260613.sh#import_variant; cidr-experiments/data/source-cache/w6-sf10-priority-20260709/manifest.tsv row=naive/import	Import-side resource evidence only; no read-phase CPU/op, PSS, perf counters, compaction stall, or independent import repeats. Git SHA, binary hash, and run-specific hardware manifest are absent.
fig3-resource-tradeoff	sf10-import-resource	w6_sf10_fig3	SF10:naive:filesystem_outputs	SemL0	naive	SF10	import_snb_full	single import; /usr/bin/time -v; SNB_SKIP_ADJ_CACHE=1; memgraph_bytes=67108864	semantic_budget			filesystem_outputs	28125696	time_v_reported_units	single_import	w6_sf10_import_time_v	EXIT_0	IMPORT_RESOURCE_ONLY	FIX	cidr-experiments/data/source-cache/w6-sf10-priority-20260709/naive-import.stderr#/usr/bin/time -v field=File system outputs	lsmgraph-rs/baseline/run_w6_sf100_matrix_20260613.sh#import_variant; cidr-experiments/data/source-cache/w6-sf10-priority-20260709/manifest.tsv row=naive/import	Import-side resource evidence only; no read-phase CPU/op, PSS, perf counters, compaction stall, or independent import repeats. Git SHA, binary hash, and run-specific hardware manifest are absent.
fig3-resource-tradeoff	sf10-import-resource	w6_sf10_fig3	SF10:naive:exit_status	SemL0	naive	SF10	import_snb_full	single import; /usr/bin/time -v; SNB_SKIP_ADJ_CACHE=1; memgraph_bytes=67108864	semantic_budget			exit_status	0	code	single_import	w6_sf10_import_time_v	EXIT_0	IMPORT_RESOURCE_ONLY	FIX	cidr-experiments/data/source-cache/w6-sf10-priority-20260709/naive-import.stderr#/usr/bin/time -v field=Exit status	lsmgraph-rs/baseline/run_w6_sf100_matrix_20260613.sh#import_variant; cidr-experiments/data/source-cache/w6-sf10-priority-20260709/manifest.tsv row=naive/import	Import-side resource evidence only; no read-phase CPU/op, PSS, perf counters, compaction stall, or independent import repeats. Git SHA, binary hash, and run-specific hardware manifest are absent.
fig3-resource-tradeoff	sf10-import-resource	w6_sf10_fig3	SF10:kv-lsm:store_size_bytes	SemL0	kv-lsm	SF10	import_snb_full	single import; /usr/bin/time -v; SNB_SKIP_ADJ_CACHE=1; memgraph_bytes=67108864	semantic_budget			store_size_bytes	14399256579	bytes	du_-sb_after_import	w6_sf10_import_time_v	EXIT_0	IMPORT_RESOURCE_ONLY	FIX	cidr-experiments/data/source-cache/w6-sf10-priority-20260709/manifest.tsv row=kv-lsm/import column=store_size_bytes	lsmgraph-rs/baseline/run_w6_sf100_matrix_20260613.sh#import_variant; cidr-experiments/data/source-cache/w6-sf10-priority-20260709/manifest.tsv row=kv-lsm/import	Import-side resource evidence only; no read-phase CPU/op, PSS, perf counters, compaction stall, or independent import repeats. Git SHA, binary hash, and run-specific hardware manifest are absent.
fig3-resource-tradeoff	sf10-import-resource	w6_sf10_fig3	SF10:kv-lsm:store_size_gib_derived	SemL0	kv-lsm	SF10	import_snb_full	single import; /usr/bin/time -v; SNB_SKIP_ADJ_CACHE=1; memgraph_bytes=67108864	semantic_budget			store_size_gib_derived	13.410352709703147	GiB	derived	w6_sf10_import_time_v	EXIT_0	IMPORT_RESOURCE_ONLY	FIX	cidr-experiments/data/source-cache/w6-sf10-priority-20260709/manifest.tsv row=kv-lsm/import store_size_bytes / 2^30	lsmgraph-rs/baseline/run_w6_sf100_matrix_20260613.sh#import_variant; cidr-experiments/data/source-cache/w6-sf10-priority-20260709/manifest.tsv row=kv-lsm/import	Import-side resource evidence only; no read-phase CPU/op, PSS, perf counters, compaction stall, or independent import repeats. Git SHA, binary hash, and run-specific hardware manifest are absent.
fig3-resource-tradeoff	sf10-import-resource	w6_sf10_fig3	SF10:kv-lsm:l0_files	SemL0	kv-lsm	SF10	import_snb_full	single import; /usr/bin/time -v; SNB_SKIP_ADJ_CACHE=1; memgraph_bytes=67108864	semantic_budget			l0_files	170	files	single_import	w6_sf10_import_time_v	EXIT_0	IMPORT_RESOURCE_ONLY	FIX	cidr-experiments/data/source-cache/w6-sf10-priority-20260709-summary.md#Aggregate Matrix row=kv-lsm column=L0 files	lsmgraph-rs/baseline/run_w6_sf100_matrix_20260613.sh#import_variant; cidr-experiments/data/source-cache/w6-sf10-priority-20260709/manifest.tsv row=kv-lsm/import	Import-side resource evidence only; no read-phase CPU/op, PSS, perf counters, compaction stall, or independent import repeats. Git SHA, binary hash, and run-specific hardware manifest are absent.
fig3-resource-tradeoff	sf10-import-resource	w6_sf10_fig3	SF10:kv-lsm:import_elapsed_s	SemL0	kv-lsm	SF10	import_snb_full	single import; /usr/bin/time -v; SNB_SKIP_ADJ_CACHE=1; memgraph_bytes=67108864	semantic_budget			import_elapsed_s	198.85	seconds	single_import_wall_clock	w6_sf10_import_time_v	EXIT_0	IMPORT_RESOURCE_ONLY	FIX	cidr-experiments/data/source-cache/w6-sf10-priority-20260709/kv-lsm-import.stderr#/usr/bin/time -v field=Elapsed raw=3:18.85; parsed as minutes:seconds	lsmgraph-rs/baseline/run_w6_sf100_matrix_20260613.sh#import_variant; cidr-experiments/data/source-cache/w6-sf10-priority-20260709/manifest.tsv row=kv-lsm/import	Import-side resource evidence only; no read-phase CPU/op, PSS, perf counters, compaction stall, or independent import repeats. Git SHA, binary hash, and run-specific hardware manifest are absent.
fig3-resource-tradeoff	sf10-import-resource	w6_sf10_fig3	SF10:kv-lsm:import_user_cpu_s	SemL0	kv-lsm	SF10	import_snb_full	single import; /usr/bin/time -v; SNB_SKIP_ADJ_CACHE=1; memgraph_bytes=67108864	semantic_budget			import_user_cpu_s	326.96	seconds	single_import	w6_sf10_import_time_v	EXIT_0	IMPORT_RESOURCE_ONLY	FIX	cidr-experiments/data/source-cache/w6-sf10-priority-20260709/kv-lsm-import.stderr#/usr/bin/time -v field=User time (seconds)	lsmgraph-rs/baseline/run_w6_sf100_matrix_20260613.sh#import_variant; cidr-experiments/data/source-cache/w6-sf10-priority-20260709/manifest.tsv row=kv-lsm/import	Import-side resource evidence only; no read-phase CPU/op, PSS, perf counters, compaction stall, or independent import repeats. Git SHA, binary hash, and run-specific hardware manifest are absent.
fig3-resource-tradeoff	sf10-import-resource	w6_sf10_fig3	SF10:kv-lsm:import_system_cpu_s	SemL0	kv-lsm	SF10	import_snb_full	single import; /usr/bin/time -v; SNB_SKIP_ADJ_CACHE=1; memgraph_bytes=67108864	semantic_budget			import_system_cpu_s	59.66	seconds	single_import	w6_sf10_import_time_v	EXIT_0	IMPORT_RESOURCE_ONLY	FIX	cidr-experiments/data/source-cache/w6-sf10-priority-20260709/kv-lsm-import.stderr#/usr/bin/time -v field=System time (seconds)	lsmgraph-rs/baseline/run_w6_sf100_matrix_20260613.sh#import_variant; cidr-experiments/data/source-cache/w6-sf10-priority-20260709/manifest.tsv row=kv-lsm/import	Import-side resource evidence only; no read-phase CPU/op, PSS, perf counters, compaction stall, or independent import repeats. Git SHA, binary hash, and run-specific hardware manifest are absent.
fig3-resource-tradeoff	sf10-import-resource	w6_sf10_fig3	SF10:kv-lsm:import_cpu_percent	SemL0	kv-lsm	SF10	import_snb_full	single import; /usr/bin/time -v; SNB_SKIP_ADJ_CACHE=1; memgraph_bytes=67108864	semantic_budget			import_cpu_percent	194	percent	single_import	w6_sf10_import_time_v	EXIT_0	IMPORT_RESOURCE_ONLY	FIX	cidr-experiments/data/source-cache/w6-sf10-priority-20260709/kv-lsm-import.stderr#/usr/bin/time -v field=Percent of CPU this job got	lsmgraph-rs/baseline/run_w6_sf100_matrix_20260613.sh#import_variant; cidr-experiments/data/source-cache/w6-sf10-priority-20260709/manifest.tsv row=kv-lsm/import	Import-side resource evidence only; no read-phase CPU/op, PSS, perf counters, compaction stall, or independent import repeats. Git SHA, binary hash, and run-specific hardware manifest are absent.
fig3-resource-tradeoff	sf10-import-resource	w6_sf10_fig3	SF10:kv-lsm:import_max_rss_kb	SemL0	kv-lsm	SF10	import_snb_full	single import; /usr/bin/time -v; SNB_SKIP_ADJ_CACHE=1; memgraph_bytes=67108864	semantic_budget			import_max_rss_kb	2439460	kbytes_time_v	single_import	w6_sf10_import_time_v	EXIT_0	IMPORT_RESOURCE_ONLY	FIX	cidr-experiments/data/source-cache/w6-sf10-priority-20260709/kv-lsm-import.stderr#/usr/bin/time -v field=Maximum resident set size (kbytes)	lsmgraph-rs/baseline/run_w6_sf100_matrix_20260613.sh#import_variant; cidr-experiments/data/source-cache/w6-sf10-priority-20260709/manifest.tsv row=kv-lsm/import	Import-side resource evidence only; no read-phase CPU/op, PSS, perf counters, compaction stall, or independent import repeats. Git SHA, binary hash, and run-specific hardware manifest are absent.
fig3-resource-tradeoff	sf10-import-resource	w6_sf10_fig3	SF10:kv-lsm:filesystem_inputs	SemL0	kv-lsm	SF10	import_snb_full	single import; /usr/bin/time -v; SNB_SKIP_ADJ_CACHE=1; memgraph_bytes=67108864	semantic_budget			filesystem_inputs	96	time_v_reported_units	single_import	w6_sf10_import_time_v	EXIT_0	IMPORT_RESOURCE_ONLY	FIX	cidr-experiments/data/source-cache/w6-sf10-priority-20260709/kv-lsm-import.stderr#/usr/bin/time -v field=File system inputs	lsmgraph-rs/baseline/run_w6_sf100_matrix_20260613.sh#import_variant; cidr-experiments/data/source-cache/w6-sf10-priority-20260709/manifest.tsv row=kv-lsm/import	Import-side resource evidence only; no read-phase CPU/op, PSS, perf counters, compaction stall, or independent import repeats. Git SHA, binary hash, and run-specific hardware manifest are absent.
fig3-resource-tradeoff	sf10-import-resource	w6_sf10_fig3	SF10:kv-lsm:filesystem_outputs	SemL0	kv-lsm	SF10	import_snb_full	single import; /usr/bin/time -v; SNB_SKIP_ADJ_CACHE=1; memgraph_bytes=67108864	semantic_budget			filesystem_outputs	28125688	time_v_reported_units	single_import	w6_sf10_import_time_v	EXIT_0	IMPORT_RESOURCE_ONLY	FIX	cidr-experiments/data/source-cache/w6-sf10-priority-20260709/kv-lsm-import.stderr#/usr/bin/time -v field=File system outputs	lsmgraph-rs/baseline/run_w6_sf100_matrix_20260613.sh#import_variant; cidr-experiments/data/source-cache/w6-sf10-priority-20260709/manifest.tsv row=kv-lsm/import	Import-side resource evidence only; no read-phase CPU/op, PSS, perf counters, compaction stall, or independent import repeats. Git SHA, binary hash, and run-specific hardware manifest are absent.
fig3-resource-tradeoff	sf10-import-resource	w6_sf10_fig3	SF10:kv-lsm:exit_status	SemL0	kv-lsm	SF10	import_snb_full	single import; /usr/bin/time -v; SNB_SKIP_ADJ_CACHE=1; memgraph_bytes=67108864	semantic_budget			exit_status	0	code	single_import	w6_sf10_import_time_v	EXIT_0	IMPORT_RESOURCE_ONLY	FIX	cidr-experiments/data/source-cache/w6-sf10-priority-20260709/kv-lsm-import.stderr#/usr/bin/time -v field=Exit status	lsmgraph-rs/baseline/run_w6_sf100_matrix_20260613.sh#import_variant; cidr-experiments/data/source-cache/w6-sf10-priority-20260709/manifest.tsv row=kv-lsm/import	Import-side resource evidence only; no read-phase CPU/op, PSS, perf counters, compaction stall, or independent import repeats. Git SHA, binary hash, and run-specific hardware manifest are absent.
fig3-resource-tradeoff	sf10-import-resource	w6_sf10_fig3	SF10:edge-type-only:store_size_bytes	SemL0	edge-type-only	SF10	import_snb_full	single import; /usr/bin/time -v; SNB_SKIP_ADJ_CACHE=1; memgraph_bytes=67108864	semantic_budget			store_size_bytes	14307723623	bytes	du_-sb_after_import	w6_sf10_import_time_v	EXIT_0	IMPORT_RESOURCE_ONLY	FIX	cidr-experiments/data/source-cache/w6-sf10-priority-20260709/manifest.tsv row=edge-type-only/import column=store_size_bytes	lsmgraph-rs/baseline/run_w6_sf100_matrix_20260613.sh#import_variant; cidr-experiments/data/source-cache/w6-sf10-priority-20260709/manifest.tsv row=edge-type-only/import	Import-side resource evidence only; no read-phase CPU/op, PSS, perf counters, compaction stall, or independent import repeats. Git SHA, binary hash, and run-specific hardware manifest are absent.
fig3-resource-tradeoff	sf10-import-resource	w6_sf10_fig3	SF10:edge-type-only:store_size_gib_derived	SemL0	edge-type-only	SF10	import_snb_full	single import; /usr/bin/time -v; SNB_SKIP_ADJ_CACHE=1; memgraph_bytes=67108864	semantic_budget			store_size_gib_derived	13.325106001459062	GiB	derived	w6_sf10_import_time_v	EXIT_0	IMPORT_RESOURCE_ONLY	FIX	cidr-experiments/data/source-cache/w6-sf10-priority-20260709/manifest.tsv row=edge-type-only/import store_size_bytes / 2^30	lsmgraph-rs/baseline/run_w6_sf100_matrix_20260613.sh#import_variant; cidr-experiments/data/source-cache/w6-sf10-priority-20260709/manifest.tsv row=edge-type-only/import	Import-side resource evidence only; no read-phase CPU/op, PSS, perf counters, compaction stall, or independent import repeats. Git SHA, binary hash, and run-specific hardware manifest are absent.
fig3-resource-tradeoff	sf10-import-resource	w6_sf10_fig3	SF10:edge-type-only:l0_files	SemL0	edge-type-only	SF10	import_snb_full	single import; /usr/bin/time -v; SNB_SKIP_ADJ_CACHE=1; memgraph_bytes=67108864	semantic_budget			l0_files	380	files	single_import	w6_sf10_import_time_v	EXIT_0	IMPORT_RESOURCE_ONLY	FIX	cidr-experiments/data/source-cache/w6-sf10-priority-20260709-summary.md#Aggregate Matrix row=edge-type-only column=L0 files	lsmgraph-rs/baseline/run_w6_sf100_matrix_20260613.sh#import_variant; cidr-experiments/data/source-cache/w6-sf10-priority-20260709/manifest.tsv row=edge-type-only/import	Import-side resource evidence only; no read-phase CPU/op, PSS, perf counters, compaction stall, or independent import repeats. Git SHA, binary hash, and run-specific hardware manifest are absent.
fig3-resource-tradeoff	sf10-import-resource	w6_sf10_fig3	SF10:edge-type-only:import_elapsed_s	SemL0	edge-type-only	SF10	import_snb_full	single import; /usr/bin/time -v; SNB_SKIP_ADJ_CACHE=1; memgraph_bytes=67108864	semantic_budget			import_elapsed_s	198.46	seconds	single_import_wall_clock	w6_sf10_import_time_v	EXIT_0	IMPORT_RESOURCE_ONLY	FIX	cidr-experiments/data/source-cache/w6-sf10-priority-20260709/edge-type-only-import.stderr#/usr/bin/time -v field=Elapsed raw=3:18.46; parsed as minutes:seconds	lsmgraph-rs/baseline/run_w6_sf100_matrix_20260613.sh#import_variant; cidr-experiments/data/source-cache/w6-sf10-priority-20260709/manifest.tsv row=edge-type-only/import	Import-side resource evidence only; no read-phase CPU/op, PSS, perf counters, compaction stall, or independent import repeats. Git SHA, binary hash, and run-specific hardware manifest are absent.
fig3-resource-tradeoff	sf10-import-resource	w6_sf10_fig3	SF10:edge-type-only:import_user_cpu_s	SemL0	edge-type-only	SF10	import_snb_full	single import; /usr/bin/time -v; SNB_SKIP_ADJ_CACHE=1; memgraph_bytes=67108864	semantic_budget			import_user_cpu_s	330.76	seconds	single_import	w6_sf10_import_time_v	EXIT_0	IMPORT_RESOURCE_ONLY	FIX	cidr-experiments/data/source-cache/w6-sf10-priority-20260709/edge-type-only-import.stderr#/usr/bin/time -v field=User time (seconds)	lsmgraph-rs/baseline/run_w6_sf100_matrix_20260613.sh#import_variant; cidr-experiments/data/source-cache/w6-sf10-priority-20260709/manifest.tsv row=edge-type-only/import	Import-side resource evidence only; no read-phase CPU/op, PSS, perf counters, compaction stall, or independent import repeats. Git SHA, binary hash, and run-specific hardware manifest are absent.
fig3-resource-tradeoff	sf10-import-resource	w6_sf10_fig3	SF10:edge-type-only:import_system_cpu_s	SemL0	edge-type-only	SF10	import_snb_full	single import; /usr/bin/time -v; SNB_SKIP_ADJ_CACHE=1; memgraph_bytes=67108864	semantic_budget			import_system_cpu_s	48.97	seconds	single_import	w6_sf10_import_time_v	EXIT_0	IMPORT_RESOURCE_ONLY	FIX	cidr-experiments/data/source-cache/w6-sf10-priority-20260709/edge-type-only-import.stderr#/usr/bin/time -v field=System time (seconds)	lsmgraph-rs/baseline/run_w6_sf100_matrix_20260613.sh#import_variant; cidr-experiments/data/source-cache/w6-sf10-priority-20260709/manifest.tsv row=edge-type-only/import	Import-side resource evidence only; no read-phase CPU/op, PSS, perf counters, compaction stall, or independent import repeats. Git SHA, binary hash, and run-specific hardware manifest are absent.
fig3-resource-tradeoff	sf10-import-resource	w6_sf10_fig3	SF10:edge-type-only:import_cpu_percent	SemL0	edge-type-only	SF10	import_snb_full	single import; /usr/bin/time -v; SNB_SKIP_ADJ_CACHE=1; memgraph_bytes=67108864	semantic_budget			import_cpu_percent	191	percent	single_import	w6_sf10_import_time_v	EXIT_0	IMPORT_RESOURCE_ONLY	FIX	cidr-experiments/data/source-cache/w6-sf10-priority-20260709/edge-type-only-import.stderr#/usr/bin/time -v field=Percent of CPU this job got	lsmgraph-rs/baseline/run_w6_sf100_matrix_20260613.sh#import_variant; cidr-experiments/data/source-cache/w6-sf10-priority-20260709/manifest.tsv row=edge-type-only/import	Import-side resource evidence only; no read-phase CPU/op, PSS, perf counters, compaction stall, or independent import repeats. Git SHA, binary hash, and run-specific hardware manifest are absent.
fig3-resource-tradeoff	sf10-import-resource	w6_sf10_fig3	SF10:edge-type-only:import_max_rss_kb	SemL0	edge-type-only	SF10	import_snb_full	single import; /usr/bin/time -v; SNB_SKIP_ADJ_CACHE=1; memgraph_bytes=67108864	semantic_budget			import_max_rss_kb	1877168	kbytes_time_v	single_import	w6_sf10_import_time_v	EXIT_0	IMPORT_RESOURCE_ONLY	FIX	cidr-experiments/data/source-cache/w6-sf10-priority-20260709/edge-type-only-import.stderr#/usr/bin/time -v field=Maximum resident set size (kbytes)	lsmgraph-rs/baseline/run_w6_sf100_matrix_20260613.sh#import_variant; cidr-experiments/data/source-cache/w6-sf10-priority-20260709/manifest.tsv row=edge-type-only/import	Import-side resource evidence only; no read-phase CPU/op, PSS, perf counters, compaction stall, or independent import repeats. Git SHA, binary hash, and run-specific hardware manifest are absent.
fig3-resource-tradeoff	sf10-import-resource	w6_sf10_fig3	SF10:edge-type-only:filesystem_inputs	SemL0	edge-type-only	SF10	import_snb_full	single import; /usr/bin/time -v; SNB_SKIP_ADJ_CACHE=1; memgraph_bytes=67108864	semantic_budget			filesystem_inputs	64	time_v_reported_units	single_import	w6_sf10_import_time_v	EXIT_0	IMPORT_RESOURCE_ONLY	FIX	cidr-experiments/data/source-cache/w6-sf10-priority-20260709/edge-type-only-import.stderr#/usr/bin/time -v field=File system inputs	lsmgraph-rs/baseline/run_w6_sf100_matrix_20260613.sh#import_variant; cidr-experiments/data/source-cache/w6-sf10-priority-20260709/manifest.tsv row=edge-type-only/import	Import-side resource evidence only; no read-phase CPU/op, PSS, perf counters, compaction stall, or independent import repeats. Git SHA, binary hash, and run-specific hardware manifest are absent.
fig3-resource-tradeoff	sf10-import-resource	w6_sf10_fig3	SF10:edge-type-only:filesystem_outputs	SemL0	edge-type-only	SF10	import_snb_full	single import; /usr/bin/time -v; SNB_SKIP_ADJ_CACHE=1; memgraph_bytes=67108864	semantic_budget			filesystem_outputs	27949632	time_v_reported_units	single_import	w6_sf10_import_time_v	EXIT_0	IMPORT_RESOURCE_ONLY	FIX	cidr-experiments/data/source-cache/w6-sf10-priority-20260709/edge-type-only-import.stderr#/usr/bin/time -v field=File system outputs	lsmgraph-rs/baseline/run_w6_sf100_matrix_20260613.sh#import_variant; cidr-experiments/data/source-cache/w6-sf10-priority-20260709/manifest.tsv row=edge-type-only/import	Import-side resource evidence only; no read-phase CPU/op, PSS, perf counters, compaction stall, or independent import repeats. Git SHA, binary hash, and run-specific hardware manifest are absent.
fig3-resource-tradeoff	sf10-import-resource	w6_sf10_fig3	SF10:edge-type-only:exit_status	SemL0	edge-type-only	SF10	import_snb_full	single import; /usr/bin/time -v; SNB_SKIP_ADJ_CACHE=1; memgraph_bytes=67108864	semantic_budget			exit_status	0	code	single_import	w6_sf10_import_time_v	EXIT_0	IMPORT_RESOURCE_ONLY	FIX	cidr-experiments/data/source-cache/w6-sf10-priority-20260709/edge-type-only-import.stderr#/usr/bin/time -v field=Exit status	lsmgraph-rs/baseline/run_w6_sf100_matrix_20260613.sh#import_variant; cidr-experiments/data/source-cache/w6-sf10-priority-20260709/manifest.tsv row=edge-type-only/import	Import-side resource evidence only; no read-phase CPU/op, PSS, perf counters, compaction stall, or independent import repeats. Git SHA, binary hash, and run-specific hardware manifest are absent.
fig3-resource-tradeoff	sf10-import-resource	w6_sf10_fig3	SF10:semantic:store_size_bytes	SemL0	semantic	SF10	import_snb_full	single import; /usr/bin/time -v; SNB_SKIP_ADJ_CACHE=1; memgraph_bytes=67108864	semantic_budget			store_size_bytes	15716350769	bytes	du_-sb_after_import	w6_sf10_import_time_v	EXIT_0	IMPORT_RESOURCE_ONLY	FIX	cidr-experiments/data/source-cache/w6-sf10-priority-20260709/manifest.tsv row=semantic/import column=store_size_bytes	lsmgraph-rs/baseline/run_w6_sf100_matrix_20260613.sh#import_variant; cidr-experiments/data/source-cache/w6-sf10-priority-20260709/manifest.tsv row=semantic/import	Import-side resource evidence only; no read-phase CPU/op, PSS, perf counters, compaction stall, or independent import repeats. Git SHA, binary hash, and run-specific hardware manifest are absent.
fig3-resource-tradeoff	sf10-import-resource	w6_sf10_fig3	SF10:semantic:store_size_gib_derived	SemL0	semantic	SF10	import_snb_full	single import; /usr/bin/time -v; SNB_SKIP_ADJ_CACHE=1; memgraph_bytes=67108864	semantic_budget			store_size_gib_derived	14.636992261745036	GiB	derived	w6_sf10_import_time_v	EXIT_0	IMPORT_RESOURCE_ONLY	FIX	cidr-experiments/data/source-cache/w6-sf10-priority-20260709/manifest.tsv row=semantic/import store_size_bytes / 2^30	lsmgraph-rs/baseline/run_w6_sf100_matrix_20260613.sh#import_variant; cidr-experiments/data/source-cache/w6-sf10-priority-20260709/manifest.tsv row=semantic/import	Import-side resource evidence only; no read-phase CPU/op, PSS, perf counters, compaction stall, or independent import repeats. Git SHA, binary hash, and run-specific hardware manifest are absent.
fig3-resource-tradeoff	sf10-import-resource	w6_sf10_fig3	SF10:semantic:l0_files	SemL0	semantic	SF10	import_snb_full	single import; /usr/bin/time -v; SNB_SKIP_ADJ_CACHE=1; memgraph_bytes=67108864	semantic_budget			l0_files	737	files	single_import	w6_sf10_import_time_v	EXIT_0	IMPORT_RESOURCE_ONLY	FIX	cidr-experiments/data/source-cache/w6-sf10-priority-20260709-summary.md#Aggregate Matrix row=semantic column=L0 files	lsmgraph-rs/baseline/run_w6_sf100_matrix_20260613.sh#import_variant; cidr-experiments/data/source-cache/w6-sf10-priority-20260709/manifest.tsv row=semantic/import	Import-side resource evidence only; no read-phase CPU/op, PSS, perf counters, compaction stall, or independent import repeats. Git SHA, binary hash, and run-specific hardware manifest are absent.
fig3-resource-tradeoff	sf10-import-resource	w6_sf10_fig3	SF10:semantic:import_elapsed_s	SemL0	semantic	SF10	import_snb_full	single import; /usr/bin/time -v; SNB_SKIP_ADJ_CACHE=1; memgraph_bytes=67108864	semantic_budget			import_elapsed_s	204.2	seconds	single_import_wall_clock	w6_sf10_import_time_v	EXIT_0	IMPORT_RESOURCE_ONLY	FIX	cidr-experiments/data/source-cache/w6-sf10-priority-20260709/semantic-import.stderr#/usr/bin/time -v field=Elapsed raw=3:24.20; parsed as minutes:seconds	lsmgraph-rs/baseline/run_w6_sf100_matrix_20260613.sh#import_variant; cidr-experiments/data/source-cache/w6-sf10-priority-20260709/manifest.tsv row=semantic/import	Import-side resource evidence only; no read-phase CPU/op, PSS, perf counters, compaction stall, or independent import repeats. Git SHA, binary hash, and run-specific hardware manifest are absent.
fig3-resource-tradeoff	sf10-import-resource	w6_sf10_fig3	SF10:semantic:import_user_cpu_s	SemL0	semantic	SF10	import_snb_full	single import; /usr/bin/time -v; SNB_SKIP_ADJ_CACHE=1; memgraph_bytes=67108864	semantic_budget			import_user_cpu_s	366.23	seconds	single_import	w6_sf10_import_time_v	EXIT_0	IMPORT_RESOURCE_ONLY	FIX	cidr-experiments/data/source-cache/w6-sf10-priority-20260709/semantic-import.stderr#/usr/bin/time -v field=User time (seconds)	lsmgraph-rs/baseline/run_w6_sf100_matrix_20260613.sh#import_variant; cidr-experiments/data/source-cache/w6-sf10-priority-20260709/manifest.tsv row=semantic/import	Import-side resource evidence only; no read-phase CPU/op, PSS, perf counters, compaction stall, or independent import repeats. Git SHA, binary hash, and run-specific hardware manifest are absent.
fig3-resource-tradeoff	sf10-import-resource	w6_sf10_fig3	SF10:semantic:import_system_cpu_s	SemL0	semantic	SF10	import_snb_full	single import; /usr/bin/time -v; SNB_SKIP_ADJ_CACHE=1; memgraph_bytes=67108864	semantic_budget			import_system_cpu_s	58.76	seconds	single_import	w6_sf10_import_time_v	EXIT_0	IMPORT_RESOURCE_ONLY	FIX	cidr-experiments/data/source-cache/w6-sf10-priority-20260709/semantic-import.stderr#/usr/bin/time -v field=System time (seconds)	lsmgraph-rs/baseline/run_w6_sf100_matrix_20260613.sh#import_variant; cidr-experiments/data/source-cache/w6-sf10-priority-20260709/manifest.tsv row=semantic/import	Import-side resource evidence only; no read-phase CPU/op, PSS, perf counters, compaction stall, or independent import repeats. Git SHA, binary hash, and run-specific hardware manifest are absent.
fig3-resource-tradeoff	sf10-import-resource	w6_sf10_fig3	SF10:semantic:import_cpu_percent	SemL0	semantic	SF10	import_snb_full	single import; /usr/bin/time -v; SNB_SKIP_ADJ_CACHE=1; memgraph_bytes=67108864	semantic_budget			import_cpu_percent	208	percent	single_import	w6_sf10_import_time_v	EXIT_0	IMPORT_RESOURCE_ONLY	FIX	cidr-experiments/data/source-cache/w6-sf10-priority-20260709/semantic-import.stderr#/usr/bin/time -v field=Percent of CPU this job got	lsmgraph-rs/baseline/run_w6_sf100_matrix_20260613.sh#import_variant; cidr-experiments/data/source-cache/w6-sf10-priority-20260709/manifest.tsv row=semantic/import	Import-side resource evidence only; no read-phase CPU/op, PSS, perf counters, compaction stall, or independent import repeats. Git SHA, binary hash, and run-specific hardware manifest are absent.
fig3-resource-tradeoff	sf10-import-resource	w6_sf10_fig3	SF10:semantic:import_max_rss_kb	SemL0	semantic	SF10	import_snb_full	single import; /usr/bin/time -v; SNB_SKIP_ADJ_CACHE=1; memgraph_bytes=67108864	semantic_budget			import_max_rss_kb	8783744	kbytes_time_v	single_import	w6_sf10_import_time_v	EXIT_0	IMPORT_RESOURCE_ONLY	FIX	cidr-experiments/data/source-cache/w6-sf10-priority-20260709/semantic-import.stderr#/usr/bin/time -v field=Maximum resident set size (kbytes)	lsmgraph-rs/baseline/run_w6_sf100_matrix_20260613.sh#import_variant; cidr-experiments/data/source-cache/w6-sf10-priority-20260709/manifest.tsv row=semantic/import	Import-side resource evidence only; no read-phase CPU/op, PSS, perf counters, compaction stall, or independent import repeats. Git SHA, binary hash, and run-specific hardware manifest are absent.
fig3-resource-tradeoff	sf10-import-resource	w6_sf10_fig3	SF10:semantic:filesystem_inputs	SemL0	semantic	SF10	import_snb_full	single import; /usr/bin/time -v; SNB_SKIP_ADJ_CACHE=1; memgraph_bytes=67108864	semantic_budget			filesystem_inputs	64	time_v_reported_units	single_import	w6_sf10_import_time_v	EXIT_0	IMPORT_RESOURCE_ONLY	FIX	cidr-experiments/data/source-cache/w6-sf10-priority-20260709/semantic-import.stderr#/usr/bin/time -v field=File system inputs	lsmgraph-rs/baseline/run_w6_sf100_matrix_20260613.sh#import_variant; cidr-experiments/data/source-cache/w6-sf10-priority-20260709/manifest.tsv row=semantic/import	Import-side resource evidence only; no read-phase CPU/op, PSS, perf counters, compaction stall, or independent import repeats. Git SHA, binary hash, and run-specific hardware manifest are absent.
fig3-resource-tradeoff	sf10-import-resource	w6_sf10_fig3	SF10:semantic:filesystem_outputs	SemL0	semantic	SF10	import_snb_full	single import; /usr/bin/time -v; SNB_SKIP_ADJ_CACHE=1; memgraph_bytes=67108864	semantic_budget			filesystem_outputs	30705208	time_v_reported_units	single_import	w6_sf10_import_time_v	EXIT_0	IMPORT_RESOURCE_ONLY	FIX	cidr-experiments/data/source-cache/w6-sf10-priority-20260709/semantic-import.stderr#/usr/bin/time -v field=File system outputs	lsmgraph-rs/baseline/run_w6_sf100_matrix_20260613.sh#import_variant; cidr-experiments/data/source-cache/w6-sf10-priority-20260709/manifest.tsv row=semantic/import	Import-side resource evidence only; no read-phase CPU/op, PSS, perf counters, compaction stall, or independent import repeats. Git SHA, binary hash, and run-specific hardware manifest are absent.
fig3-resource-tradeoff	sf10-import-resource	w6_sf10_fig3	SF10:semantic:exit_status	SemL0	semantic	SF10	import_snb_full	single import; /usr/bin/time -v; SNB_SKIP_ADJ_CACHE=1; memgraph_bytes=67108864	semantic_budget			exit_status	0	code	single_import	w6_sf10_import_time_v	EXIT_0	IMPORT_RESOURCE_ONLY	FIX	cidr-experiments/data/source-cache/w6-sf10-priority-20260709/semantic-import.stderr#/usr/bin/time -v field=Exit status	lsmgraph-rs/baseline/run_w6_sf100_matrix_20260613.sh#import_variant; cidr-experiments/data/source-cache/w6-sf10-priority-20260709/manifest.tsv row=semantic/import	Import-side resource evidence only; no read-phase CPU/op, PSS, perf counters, compaction stall, or independent import repeats. Git SHA, binary hash, and run-specific hardware manifest are absent.
fig3-resource-tradeoff	sf10-import-resource	w6_sf10_fig3	SF10:budg-b64:store_size_bytes	SemL0	budg-b64	SF10	import_snb_full	single import; /usr/bin/time -v; SNB_SKIP_ADJ_CACHE=1; memgraph_bytes=67108864	semantic_budget	64	max_extra_l0_files	store_size_bytes	14312304486	bytes	du_-sb_after_import	w6_sf10_import_time_v	EXIT_0	IMPORT_RESOURCE_ONLY	FIX	cidr-experiments/data/source-cache/w6-sf10-priority-20260709/manifest.tsv row=budg-b64/import column=store_size_bytes	lsmgraph-rs/baseline/run_w6_sf100_matrix_20260613.sh#import_variant; cidr-experiments/data/source-cache/w6-sf10-priority-20260709/manifest.tsv row=budg-b64/import	Import-side resource evidence only; no read-phase CPU/op, PSS, perf counters, compaction stall, or independent import repeats. Git SHA, binary hash, and run-specific hardware manifest are absent.
fig3-resource-tradeoff	sf10-import-resource	w6_sf10_fig3	SF10:budg-b64:store_size_gib_derived	SemL0	budg-b64	SF10	import_snb_full	single import; /usr/bin/time -v; SNB_SKIP_ADJ_CACHE=1; memgraph_bytes=67108864	semantic_budget	64	max_extra_l0_files	store_size_gib_derived	13.329372262582183	GiB	derived	w6_sf10_import_time_v	EXIT_0	IMPORT_RESOURCE_ONLY	FIX	cidr-experiments/data/source-cache/w6-sf10-priority-20260709/manifest.tsv row=budg-b64/import store_size_bytes / 2^30	lsmgraph-rs/baseline/run_w6_sf100_matrix_20260613.sh#import_variant; cidr-experiments/data/source-cache/w6-sf10-priority-20260709/manifest.tsv row=budg-b64/import	Import-side resource evidence only; no read-phase CPU/op, PSS, perf counters, compaction stall, or independent import repeats. Git SHA, binary hash, and run-specific hardware manifest are absent.
fig3-resource-tradeoff	sf10-import-resource	w6_sf10_fig3	SF10:budg-b64:l0_files	SemL0	budg-b64	SF10	import_snb_full	single import; /usr/bin/time -v; SNB_SKIP_ADJ_CACHE=1; memgraph_bytes=67108864	semantic_budget	64	max_extra_l0_files	l0_files	444	files	single_import	w6_sf10_import_time_v	EXIT_0	IMPORT_RESOURCE_ONLY	FIX	cidr-experiments/data/source-cache/w6-sf10-priority-20260709-summary.md#Aggregate Matrix row=budg-b64 column=L0 files	lsmgraph-rs/baseline/run_w6_sf100_matrix_20260613.sh#import_variant; cidr-experiments/data/source-cache/w6-sf10-priority-20260709/manifest.tsv row=budg-b64/import	Import-side resource evidence only; no read-phase CPU/op, PSS, perf counters, compaction stall, or independent import repeats. Git SHA, binary hash, and run-specific hardware manifest are absent.
fig3-resource-tradeoff	sf10-import-resource	w6_sf10_fig3	SF10:budg-b64:import_elapsed_s	SemL0	budg-b64	SF10	import_snb_full	single import; /usr/bin/time -v; SNB_SKIP_ADJ_CACHE=1; memgraph_bytes=67108864	semantic_budget	64	max_extra_l0_files	import_elapsed_s	195.51	seconds	single_import_wall_clock	w6_sf10_import_time_v	EXIT_0	IMPORT_RESOURCE_ONLY	FIX	cidr-experiments/data/source-cache/w6-sf10-priority-20260709/budg-b64-import.stderr#/usr/bin/time -v field=Elapsed raw=3:15.51; parsed as minutes:seconds	lsmgraph-rs/baseline/run_w6_sf100_matrix_20260613.sh#import_variant; cidr-experiments/data/source-cache/w6-sf10-priority-20260709/manifest.tsv row=budg-b64/import	Import-side resource evidence only; no read-phase CPU/op, PSS, perf counters, compaction stall, or independent import repeats. Git SHA, binary hash, and run-specific hardware manifest are absent.
fig3-resource-tradeoff	sf10-import-resource	w6_sf10_fig3	SF10:budg-b64:import_user_cpu_s	SemL0	budg-b64	SF10	import_snb_full	single import; /usr/bin/time -v; SNB_SKIP_ADJ_CACHE=1; memgraph_bytes=67108864	semantic_budget	64	max_extra_l0_files	import_user_cpu_s	330.64	seconds	single_import	w6_sf10_import_time_v	EXIT_0	IMPORT_RESOURCE_ONLY	FIX	cidr-experiments/data/source-cache/w6-sf10-priority-20260709/budg-b64-import.stderr#/usr/bin/time -v field=User time (seconds)	lsmgraph-rs/baseline/run_w6_sf100_matrix_20260613.sh#import_variant; cidr-experiments/data/source-cache/w6-sf10-priority-20260709/manifest.tsv row=budg-b64/import	Import-side resource evidence only; no read-phase CPU/op, PSS, perf counters, compaction stall, or independent import repeats. Git SHA, binary hash, and run-specific hardware manifest are absent.
fig3-resource-tradeoff	sf10-import-resource	w6_sf10_fig3	SF10:budg-b64:import_system_cpu_s	SemL0	budg-b64	SF10	import_snb_full	single import; /usr/bin/time -v; SNB_SKIP_ADJ_CACHE=1; memgraph_bytes=67108864	semantic_budget	64	max_extra_l0_files	import_system_cpu_s	47.16	seconds	single_import	w6_sf10_import_time_v	EXIT_0	IMPORT_RESOURCE_ONLY	FIX	cidr-experiments/data/source-cache/w6-sf10-priority-20260709/budg-b64-import.stderr#/usr/bin/time -v field=System time (seconds)	lsmgraph-rs/baseline/run_w6_sf100_matrix_20260613.sh#import_variant; cidr-experiments/data/source-cache/w6-sf10-priority-20260709/manifest.tsv row=budg-b64/import	Import-side resource evidence only; no read-phase CPU/op, PSS, perf counters, compaction stall, or independent import repeats. Git SHA, binary hash, and run-specific hardware manifest are absent.
fig3-resource-tradeoff	sf10-import-resource	w6_sf10_fig3	SF10:budg-b64:import_cpu_percent	SemL0	budg-b64	SF10	import_snb_full	single import; /usr/bin/time -v; SNB_SKIP_ADJ_CACHE=1; memgraph_bytes=67108864	semantic_budget	64	max_extra_l0_files	import_cpu_percent	193	percent	single_import	w6_sf10_import_time_v	EXIT_0	IMPORT_RESOURCE_ONLY	FIX	cidr-experiments/data/source-cache/w6-sf10-priority-20260709/budg-b64-import.stderr#/usr/bin/time -v field=Percent of CPU this job got	lsmgraph-rs/baseline/run_w6_sf100_matrix_20260613.sh#import_variant; cidr-experiments/data/source-cache/w6-sf10-priority-20260709/manifest.tsv row=budg-b64/import	Import-side resource evidence only; no read-phase CPU/op, PSS, perf counters, compaction stall, or independent import repeats. Git SHA, binary hash, and run-specific hardware manifest are absent.
fig3-resource-tradeoff	sf10-import-resource	w6_sf10_fig3	SF10:budg-b64:import_max_rss_kb	SemL0	budg-b64	SF10	import_snb_full	single import; /usr/bin/time -v; SNB_SKIP_ADJ_CACHE=1; memgraph_bytes=67108864	semantic_budget	64	max_extra_l0_files	import_max_rss_kb	2366196	kbytes_time_v	single_import	w6_sf10_import_time_v	EXIT_0	IMPORT_RESOURCE_ONLY	FIX	cidr-experiments/data/source-cache/w6-sf10-priority-20260709/budg-b64-import.stderr#/usr/bin/time -v field=Maximum resident set size (kbytes)	lsmgraph-rs/baseline/run_w6_sf100_matrix_20260613.sh#import_variant; cidr-experiments/data/source-cache/w6-sf10-priority-20260709/manifest.tsv row=budg-b64/import	Import-side resource evidence only; no read-phase CPU/op, PSS, perf counters, compaction stall, or independent import repeats. Git SHA, binary hash, and run-specific hardware manifest are absent.
fig3-resource-tradeoff	sf10-import-resource	w6_sf10_fig3	SF10:budg-b64:filesystem_inputs	SemL0	budg-b64	SF10	import_snb_full	single import; /usr/bin/time -v; SNB_SKIP_ADJ_CACHE=1; memgraph_bytes=67108864	semantic_budget	64	max_extra_l0_files	filesystem_inputs	16	time_v_reported_units	single_import	w6_sf10_import_time_v	EXIT_0	IMPORT_RESOURCE_ONLY	FIX	cidr-experiments/data/source-cache/w6-sf10-priority-20260709/budg-b64-import.stderr#/usr/bin/time -v field=File system inputs	lsmgraph-rs/baseline/run_w6_sf100_matrix_20260613.sh#import_variant; cidr-experiments/data/source-cache/w6-sf10-priority-20260709/manifest.tsv row=budg-b64/import	Import-side resource evidence only; no read-phase CPU/op, PSS, perf counters, compaction stall, or independent import repeats. Git SHA, binary hash, and run-specific hardware manifest are absent.
fig3-resource-tradeoff	sf10-import-resource	w6_sf10_fig3	SF10:budg-b64:filesystem_outputs	SemL0	budg-b64	SF10	import_snb_full	single import; /usr/bin/time -v; SNB_SKIP_ADJ_CACHE=1; memgraph_bytes=67108864	semantic_budget	64	max_extra_l0_files	filesystem_outputs	27960736	time_v_reported_units	single_import	w6_sf10_import_time_v	EXIT_0	IMPORT_RESOURCE_ONLY	FIX	cidr-experiments/data/source-cache/w6-sf10-priority-20260709/budg-b64-import.stderr#/usr/bin/time -v field=File system outputs	lsmgraph-rs/baseline/run_w6_sf100_matrix_20260613.sh#import_variant; cidr-experiments/data/source-cache/w6-sf10-priority-20260709/manifest.tsv row=budg-b64/import	Import-side resource evidence only; no read-phase CPU/op, PSS, perf counters, compaction stall, or independent import repeats. Git SHA, binary hash, and run-specific hardware manifest are absent.
fig3-resource-tradeoff	sf10-import-resource	w6_sf10_fig3	SF10:budg-b64:exit_status	SemL0	budg-b64	SF10	import_snb_full	single import; /usr/bin/time -v; SNB_SKIP_ADJ_CACHE=1; memgraph_bytes=67108864	semantic_budget	64	max_extra_l0_files	exit_status	0	code	single_import	w6_sf10_import_time_v	EXIT_0	IMPORT_RESOURCE_ONLY	FIX	cidr-experiments/data/source-cache/w6-sf10-priority-20260709/budg-b64-import.stderr#/usr/bin/time -v field=Exit status	lsmgraph-rs/baseline/run_w6_sf100_matrix_20260613.sh#import_variant; cidr-experiments/data/source-cache/w6-sf10-priority-20260709/manifest.tsv row=budg-b64/import	Import-side resource evidence only; no read-phase CPU/op, PSS, perf counters, compaction stall, or independent import repeats. Git SHA, binary hash, and run-specific hardware manifest are absent.
fig3-resource-tradeoff	sf10-import-resource	w6_sf10_fig3	SF10:budg-b256:store_size_bytes	SemL0	budg-b256	SF10	import_snb_full	single import; /usr/bin/time -v; SNB_SKIP_ADJ_CACHE=1; memgraph_bytes=67108864	semantic_budget	256	max_extra_l0_files	store_size_bytes	14736250781	bytes	du_-sb_after_import	w6_sf10_import_time_v	EXIT_0	IMPORT_RESOURCE_ONLY	FIX	cidr-experiments/data/source-cache/w6-sf10-priority-20260709/manifest.tsv row=budg-b256/import column=store_size_bytes	lsmgraph-rs/baseline/run_w6_sf100_matrix_20260613.sh#import_variant; cidr-experiments/data/source-cache/w6-sf10-priority-20260709/manifest.tsv row=budg-b256/import	Import-side resource evidence only; no read-phase CPU/op, PSS, perf counters, compaction stall, or independent import repeats. Git SHA, binary hash, and run-specific hardware manifest are absent.
fig3-resource-tradeoff	sf10-import-resource	w6_sf10_fig3	SF10:budg-b256:store_size_gib_derived	SemL0	budg-b256	SF10	import_snb_full	single import; /usr/bin/time -v; SNB_SKIP_ADJ_CACHE=1; memgraph_bytes=67108864	semantic_budget	256	max_extra_l0_files	store_size_gib_derived	13.724203017540276	GiB	derived	w6_sf10_import_time_v	EXIT_0	IMPORT_RESOURCE_ONLY	FIX	cidr-experiments/data/source-cache/w6-sf10-priority-20260709/manifest.tsv row=budg-b256/import store_size_bytes / 2^30	lsmgraph-rs/baseline/run_w6_sf100_matrix_20260613.sh#import_variant; cidr-experiments/data/source-cache/w6-sf10-priority-20260709/manifest.tsv row=budg-b256/import	Import-side resource evidence only; no read-phase CPU/op, PSS, perf counters, compaction stall, or independent import repeats. Git SHA, binary hash, and run-specific hardware manifest are absent.
fig3-resource-tradeoff	sf10-import-resource	w6_sf10_fig3	SF10:budg-b256:l0_files	SemL0	budg-b256	SF10	import_snb_full	single import; /usr/bin/time -v; SNB_SKIP_ADJ_CACHE=1; memgraph_bytes=67108864	semantic_budget	256	max_extra_l0_files	l0_files	569	files	single_import	w6_sf10_import_time_v	EXIT_0	IMPORT_RESOURCE_ONLY	FIX	cidr-experiments/data/source-cache/w6-sf10-priority-20260709-summary.md#Aggregate Matrix row=budg-b256 column=L0 files	lsmgraph-rs/baseline/run_w6_sf100_matrix_20260613.sh#import_variant; cidr-experiments/data/source-cache/w6-sf10-priority-20260709/manifest.tsv row=budg-b256/import	Import-side resource evidence only; no read-phase CPU/op, PSS, perf counters, compaction stall, or independent import repeats. Git SHA, binary hash, and run-specific hardware manifest are absent.
fig3-resource-tradeoff	sf10-import-resource	w6_sf10_fig3	SF10:budg-b256:import_elapsed_s	SemL0	budg-b256	SF10	import_snb_full	single import; /usr/bin/time -v; SNB_SKIP_ADJ_CACHE=1; memgraph_bytes=67108864	semantic_budget	256	max_extra_l0_files	import_elapsed_s	199.95	seconds	single_import_wall_clock	w6_sf10_import_time_v	EXIT_0	IMPORT_RESOURCE_ONLY	FIX	cidr-experiments/data/source-cache/w6-sf10-priority-20260709/budg-b256-import.stderr#/usr/bin/time -v field=Elapsed raw=3:19.95; parsed as minutes:seconds	lsmgraph-rs/baseline/run_w6_sf100_matrix_20260613.sh#import_variant; cidr-experiments/data/source-cache/w6-sf10-priority-20260709/manifest.tsv row=budg-b256/import	Import-side resource evidence only; no read-phase CPU/op, PSS, perf counters, compaction stall, or independent import repeats. Git SHA, binary hash, and run-specific hardware manifest are absent.
fig3-resource-tradeoff	sf10-import-resource	w6_sf10_fig3	SF10:budg-b256:import_user_cpu_s	SemL0	budg-b256	SF10	import_snb_full	single import; /usr/bin/time -v; SNB_SKIP_ADJ_CACHE=1; memgraph_bytes=67108864	semantic_budget	256	max_extra_l0_files	import_user_cpu_s	346.73	seconds	single_import	w6_sf10_import_time_v	EXIT_0	IMPORT_RESOURCE_ONLY	FIX	cidr-experiments/data/source-cache/w6-sf10-priority-20260709/budg-b256-import.stderr#/usr/bin/time -v field=User time (seconds)	lsmgraph-rs/baseline/run_w6_sf100_matrix_20260613.sh#import_variant; cidr-experiments/data/source-cache/w6-sf10-priority-20260709/manifest.tsv row=budg-b256/import	Import-side resource evidence only; no read-phase CPU/op, PSS, perf counters, compaction stall, or independent import repeats. Git SHA, binary hash, and run-specific hardware manifest are absent.
fig3-resource-tradeoff	sf10-import-resource	w6_sf10_fig3	SF10:budg-b256:import_system_cpu_s	SemL0	budg-b256	SF10	import_snb_full	single import; /usr/bin/time -v; SNB_SKIP_ADJ_CACHE=1; memgraph_bytes=67108864	semantic_budget	256	max_extra_l0_files	import_system_cpu_s	50.21	seconds	single_import	w6_sf10_import_time_v	EXIT_0	IMPORT_RESOURCE_ONLY	FIX	cidr-experiments/data/source-cache/w6-sf10-priority-20260709/budg-b256-import.stderr#/usr/bin/time -v field=System time (seconds)	lsmgraph-rs/baseline/run_w6_sf100_matrix_20260613.sh#import_variant; cidr-experiments/data/source-cache/w6-sf10-priority-20260709/manifest.tsv row=budg-b256/import	Import-side resource evidence only; no read-phase CPU/op, PSS, perf counters, compaction stall, or independent import repeats. Git SHA, binary hash, and run-specific hardware manifest are absent.
fig3-resource-tradeoff	sf10-import-resource	w6_sf10_fig3	SF10:budg-b256:import_cpu_percent	SemL0	budg-b256	SF10	import_snb_full	single import; /usr/bin/time -v; SNB_SKIP_ADJ_CACHE=1; memgraph_bytes=67108864	semantic_budget	256	max_extra_l0_files	import_cpu_percent	198	percent	single_import	w6_sf10_import_time_v	EXIT_0	IMPORT_RESOURCE_ONLY	FIX	cidr-experiments/data/source-cache/w6-sf10-priority-20260709/budg-b256-import.stderr#/usr/bin/time -v field=Percent of CPU this job got	lsmgraph-rs/baseline/run_w6_sf100_matrix_20260613.sh#import_variant; cidr-experiments/data/source-cache/w6-sf10-priority-20260709/manifest.tsv row=budg-b256/import	Import-side resource evidence only; no read-phase CPU/op, PSS, perf counters, compaction stall, or independent import repeats. Git SHA, binary hash, and run-specific hardware manifest are absent.
fig3-resource-tradeoff	sf10-import-resource	w6_sf10_fig3	SF10:budg-b256:import_max_rss_kb	SemL0	budg-b256	SF10	import_snb_full	single import; /usr/bin/time -v; SNB_SKIP_ADJ_CACHE=1; memgraph_bytes=67108864	semantic_budget	256	max_extra_l0_files	import_max_rss_kb	5435800	kbytes_time_v	single_import	w6_sf10_import_time_v	EXIT_0	IMPORT_RESOURCE_ONLY	FIX	cidr-experiments/data/source-cache/w6-sf10-priority-20260709/budg-b256-import.stderr#/usr/bin/time -v field=Maximum resident set size (kbytes)	lsmgraph-rs/baseline/run_w6_sf100_matrix_20260613.sh#import_variant; cidr-experiments/data/source-cache/w6-sf10-priority-20260709/manifest.tsv row=budg-b256/import	Import-side resource evidence only; no read-phase CPU/op, PSS, perf counters, compaction stall, or independent import repeats. Git SHA, binary hash, and run-specific hardware manifest are absent.
fig3-resource-tradeoff	sf10-import-resource	w6_sf10_fig3	SF10:budg-b256:filesystem_inputs	SemL0	budg-b256	SF10	import_snb_full	single import; /usr/bin/time -v; SNB_SKIP_ADJ_CACHE=1; memgraph_bytes=67108864	semantic_budget	256	max_extra_l0_files	filesystem_inputs	8	time_v_reported_units	single_import	w6_sf10_import_time_v	EXIT_0	IMPORT_RESOURCE_ONLY	FIX	cidr-experiments/data/source-cache/w6-sf10-priority-20260709/budg-b256-import.stderr#/usr/bin/time -v field=File system inputs	lsmgraph-rs/baseline/run_w6_sf100_matrix_20260613.sh#import_variant; cidr-experiments/data/source-cache/w6-sf10-priority-20260709/manifest.tsv row=budg-b256/import	Import-side resource evidence only; no read-phase CPU/op, PSS, perf counters, compaction stall, or independent import repeats. Git SHA, binary hash, and run-specific hardware manifest are absent.
fig3-resource-tradeoff	sf10-import-resource	w6_sf10_fig3	SF10:budg-b256:filesystem_outputs	SemL0	budg-b256	SF10	import_snb_full	single import; /usr/bin/time -v; SNB_SKIP_ADJ_CACHE=1; memgraph_bytes=67108864	semantic_budget	256	max_extra_l0_files	filesystem_outputs	28790272	time_v_reported_units	single_import	w6_sf10_import_time_v	EXIT_0	IMPORT_RESOURCE_ONLY	FIX	cidr-experiments/data/source-cache/w6-sf10-priority-20260709/budg-b256-import.stderr#/usr/bin/time -v field=File system outputs	lsmgraph-rs/baseline/run_w6_sf100_matrix_20260613.sh#import_variant; cidr-experiments/data/source-cache/w6-sf10-priority-20260709/manifest.tsv row=budg-b256/import	Import-side resource evidence only; no read-phase CPU/op, PSS, perf counters, compaction stall, or independent import repeats. Git SHA, binary hash, and run-specific hardware manifest are absent.
fig3-resource-tradeoff	sf10-import-resource	w6_sf10_fig3	SF10:budg-b256:exit_status	SemL0	budg-b256	SF10	import_snb_full	single import; /usr/bin/time -v; SNB_SKIP_ADJ_CACHE=1; memgraph_bytes=67108864	semantic_budget	256	max_extra_l0_files	exit_status	0	code	single_import	w6_sf10_import_time_v	EXIT_0	IMPORT_RESOURCE_ONLY	FIX	cidr-experiments/data/source-cache/w6-sf10-priority-20260709/budg-b256-import.stderr#/usr/bin/time -v field=Exit status	lsmgraph-rs/baseline/run_w6_sf100_matrix_20260613.sh#import_variant; cidr-experiments/data/source-cache/w6-sf10-priority-20260709/manifest.tsv row=budg-b256/import	Import-side resource evidence only; no read-phase CPU/op, PSS, perf counters, compaction stall, or independent import repeats. Git SHA, binary hash, and run-specific hardware manifest are absent.
fig3-resource-tradeoff	sf10-import-resource	w6_sf10_fig3	SF10:budg-b1024:store_size_bytes	SemL0	budg-b1024	SF10	import_snb_full	single import; /usr/bin/time -v; SNB_SKIP_ADJ_CACHE=1; memgraph_bytes=67108864	semantic_budget	1024	max_extra_l0_files	store_size_bytes	15551904626	bytes	du_-sb_after_import	w6_sf10_import_time_v	EXIT_0	IMPORT_RESOURCE_ONLY	FIX	cidr-experiments/data/source-cache/w6-sf10-priority-20260709/manifest.tsv row=budg-b1024/import column=store_size_bytes	lsmgraph-rs/baseline/run_w6_sf100_matrix_20260613.sh#import_variant; cidr-experiments/data/source-cache/w6-sf10-priority-20260709/manifest.tsv row=budg-b1024/import	Import-side resource evidence only; no read-phase CPU/op, PSS, perf counters, compaction stall, or independent import repeats. Git SHA, binary hash, and run-specific hardware manifest are absent.
fig3-resource-tradeoff	sf10-import-resource	w6_sf10_fig3	SF10:budg-b1024:store_size_gib_derived	SemL0	budg-b1024	SF10	import_snb_full	single import; /usr/bin/time -v; SNB_SKIP_ADJ_CACHE=1; memgraph_bytes=67108864	semantic_budget	1024	max_extra_l0_files	store_size_gib_derived	14.48383985646069	GiB	derived	w6_sf10_import_time_v	EXIT_0	IMPORT_RESOURCE_ONLY	FIX	cidr-experiments/data/source-cache/w6-sf10-priority-20260709/manifest.tsv row=budg-b1024/import store_size_bytes / 2^30	lsmgraph-rs/baseline/run_w6_sf100_matrix_20260613.sh#import_variant; cidr-experiments/data/source-cache/w6-sf10-priority-20260709/manifest.tsv row=budg-b1024/import	Import-side resource evidence only; no read-phase CPU/op, PSS, perf counters, compaction stall, or independent import repeats. Git SHA, binary hash, and run-specific hardware manifest are absent.
fig3-resource-tradeoff	sf10-import-resource	w6_sf10_fig3	SF10:budg-b1024:l0_files	SemL0	budg-b1024	SF10	import_snb_full	single import; /usr/bin/time -v; SNB_SKIP_ADJ_CACHE=1; memgraph_bytes=67108864	semantic_budget	1024	max_extra_l0_files	l0_files	605	files	single_import	w6_sf10_import_time_v	EXIT_0	IMPORT_RESOURCE_ONLY	FIX	cidr-experiments/data/source-cache/w6-sf10-priority-20260709-summary.md#Aggregate Matrix row=budg-b1024 column=L0 files	lsmgraph-rs/baseline/run_w6_sf100_matrix_20260613.sh#import_variant; cidr-experiments/data/source-cache/w6-sf10-priority-20260709/manifest.tsv row=budg-b1024/import	Import-side resource evidence only; no read-phase CPU/op, PSS, perf counters, compaction stall, or independent import repeats. Git SHA, binary hash, and run-specific hardware manifest are absent.
fig3-resource-tradeoff	sf10-import-resource	w6_sf10_fig3	SF10:budg-b1024:import_elapsed_s	SemL0	budg-b1024	SF10	import_snb_full	single import; /usr/bin/time -v; SNB_SKIP_ADJ_CACHE=1; memgraph_bytes=67108864	semantic_budget	1024	max_extra_l0_files	import_elapsed_s	207.49	seconds	single_import_wall_clock	w6_sf10_import_time_v	EXIT_0	IMPORT_RESOURCE_ONLY	FIX	cidr-experiments/data/source-cache/w6-sf10-priority-20260709/budg-b1024-import.stderr#/usr/bin/time -v field=Elapsed raw=3:27.49; parsed as minutes:seconds	lsmgraph-rs/baseline/run_w6_sf100_matrix_20260613.sh#import_variant; cidr-experiments/data/source-cache/w6-sf10-priority-20260709/manifest.tsv row=budg-b1024/import	Import-side resource evidence only; no read-phase CPU/op, PSS, perf counters, compaction stall, or independent import repeats. Git SHA, binary hash, and run-specific hardware manifest are absent.
fig3-resource-tradeoff	sf10-import-resource	w6_sf10_fig3	SF10:budg-b1024:import_user_cpu_s	SemL0	budg-b1024	SF10	import_snb_full	single import; /usr/bin/time -v; SNB_SKIP_ADJ_CACHE=1; memgraph_bytes=67108864	semantic_budget	1024	max_extra_l0_files	import_user_cpu_s	371.95	seconds	single_import	w6_sf10_import_time_v	EXIT_0	IMPORT_RESOURCE_ONLY	FIX	cidr-experiments/data/source-cache/w6-sf10-priority-20260709/budg-b1024-import.stderr#/usr/bin/time -v field=User time (seconds)	lsmgraph-rs/baseline/run_w6_sf100_matrix_20260613.sh#import_variant; cidr-experiments/data/source-cache/w6-sf10-priority-20260709/manifest.tsv row=budg-b1024/import	Import-side resource evidence only; no read-phase CPU/op, PSS, perf counters, compaction stall, or independent import repeats. Git SHA, binary hash, and run-specific hardware manifest are absent.
fig3-resource-tradeoff	sf10-import-resource	w6_sf10_fig3	SF10:budg-b1024:import_system_cpu_s	SemL0	budg-b1024	SF10	import_snb_full	single import; /usr/bin/time -v; SNB_SKIP_ADJ_CACHE=1; memgraph_bytes=67108864	semantic_budget	1024	max_extra_l0_files	import_system_cpu_s	52.68	seconds	single_import	w6_sf10_import_time_v	EXIT_0	IMPORT_RESOURCE_ONLY	FIX	cidr-experiments/data/source-cache/w6-sf10-priority-20260709/budg-b1024-import.stderr#/usr/bin/time -v field=System time (seconds)	lsmgraph-rs/baseline/run_w6_sf100_matrix_20260613.sh#import_variant; cidr-experiments/data/source-cache/w6-sf10-priority-20260709/manifest.tsv row=budg-b1024/import	Import-side resource evidence only; no read-phase CPU/op, PSS, perf counters, compaction stall, or independent import repeats. Git SHA, binary hash, and run-specific hardware manifest are absent.
fig3-resource-tradeoff	sf10-import-resource	w6_sf10_fig3	SF10:budg-b1024:import_cpu_percent	SemL0	budg-b1024	SF10	import_snb_full	single import; /usr/bin/time -v; SNB_SKIP_ADJ_CACHE=1; memgraph_bytes=67108864	semantic_budget	1024	max_extra_l0_files	import_cpu_percent	204	percent	single_import	w6_sf10_import_time_v	EXIT_0	IMPORT_RESOURCE_ONLY	FIX	cidr-experiments/data/source-cache/w6-sf10-priority-20260709/budg-b1024-import.stderr#/usr/bin/time -v field=Percent of CPU this job got	lsmgraph-rs/baseline/run_w6_sf100_matrix_20260613.sh#import_variant; cidr-experiments/data/source-cache/w6-sf10-priority-20260709/manifest.tsv row=budg-b1024/import	Import-side resource evidence only; no read-phase CPU/op, PSS, perf counters, compaction stall, or independent import repeats. Git SHA, binary hash, and run-specific hardware manifest are absent.
fig3-resource-tradeoff	sf10-import-resource	w6_sf10_fig3	SF10:budg-b1024:import_max_rss_kb	SemL0	budg-b1024	SF10	import_snb_full	single import; /usr/bin/time -v; SNB_SKIP_ADJ_CACHE=1; memgraph_bytes=67108864	semantic_budget	1024	max_extra_l0_files	import_max_rss_kb	8610404	kbytes_time_v	single_import	w6_sf10_import_time_v	EXIT_0	IMPORT_RESOURCE_ONLY	FIX	cidr-experiments/data/source-cache/w6-sf10-priority-20260709/budg-b1024-import.stderr#/usr/bin/time -v field=Maximum resident set size (kbytes)	lsmgraph-rs/baseline/run_w6_sf100_matrix_20260613.sh#import_variant; cidr-experiments/data/source-cache/w6-sf10-priority-20260709/manifest.tsv row=budg-b1024/import	Import-side resource evidence only; no read-phase CPU/op, PSS, perf counters, compaction stall, or independent import repeats. Git SHA, binary hash, and run-specific hardware manifest are absent.
fig3-resource-tradeoff	sf10-import-resource	w6_sf10_fig3	SF10:budg-b1024:filesystem_inputs	SemL0	budg-b1024	SF10	import_snb_full	single import; /usr/bin/time -v; SNB_SKIP_ADJ_CACHE=1; memgraph_bytes=67108864	semantic_budget	1024	max_extra_l0_files	filesystem_inputs	8	time_v_reported_units	single_import	w6_sf10_import_time_v	EXIT_0	IMPORT_RESOURCE_ONLY	FIX	cidr-experiments/data/source-cache/w6-sf10-priority-20260709/budg-b1024-import.stderr#/usr/bin/time -v field=File system inputs	lsmgraph-rs/baseline/run_w6_sf100_matrix_20260613.sh#import_variant; cidr-experiments/data/source-cache/w6-sf10-priority-20260709/manifest.tsv row=budg-b1024/import	Import-side resource evidence only; no read-phase CPU/op, PSS, perf counters, compaction stall, or independent import repeats. Git SHA, binary hash, and run-specific hardware manifest are absent.
fig3-resource-tradeoff	sf10-import-resource	w6_sf10_fig3	SF10:budg-b1024:filesystem_outputs	SemL0	budg-b1024	SF10	import_snb_full	single import; /usr/bin/time -v; SNB_SKIP_ADJ_CACHE=1; memgraph_bytes=67108864	semantic_budget	1024	max_extra_l0_files	filesystem_outputs	30383816	time_v_reported_units	single_import	w6_sf10_import_time_v	EXIT_0	IMPORT_RESOURCE_ONLY	FIX	cidr-experiments/data/source-cache/w6-sf10-priority-20260709/budg-b1024-import.stderr#/usr/bin/time -v field=File system outputs	lsmgraph-rs/baseline/run_w6_sf100_matrix_20260613.sh#import_variant; cidr-experiments/data/source-cache/w6-sf10-priority-20260709/manifest.tsv row=budg-b1024/import	Import-side resource evidence only; no read-phase CPU/op, PSS, perf counters, compaction stall, or independent import repeats. Git SHA, binary hash, and run-specific hardware manifest are absent.
fig3-resource-tradeoff	sf10-import-resource	w6_sf10_fig3	SF10:budg-b1024:exit_status	SemL0	budg-b1024	SF10	import_snb_full	single import; /usr/bin/time -v; SNB_SKIP_ADJ_CACHE=1; memgraph_bytes=67108864	semantic_budget	1024	max_extra_l0_files	exit_status	0	code	single_import	w6_sf10_import_time_v	EXIT_0	IMPORT_RESOURCE_ONLY	FIX	cidr-experiments/data/source-cache/w6-sf10-priority-20260709/budg-b1024-import.stderr#/usr/bin/time -v field=Exit status	lsmgraph-rs/baseline/run_w6_sf100_matrix_20260613.sh#import_variant; cidr-experiments/data/source-cache/w6-sf10-priority-20260709/manifest.tsv row=budg-b1024/import	Import-side resource evidence only; no read-phase CPU/op, PSS, perf counters, compaction stall, or independent import repeats. Git SHA, binary hash, and run-specific hardware manifest are absent.
fig3-resource-tradeoff	sf10-import-resource	w6_sf10_fig3	SF10:oracle:store_size_bytes	SemL0	oracle	SF10	import_snb_full	single import; /usr/bin/time -v; SNB_SKIP_ADJ_CACHE=1; memgraph_bytes=67108864	semantic_budget			store_size_bytes	14399256549	bytes	du_-sb_after_import	w6_sf10_import_time_v	EXIT_0	IMPORT_RESOURCE_ONLY	FIX	cidr-experiments/data/source-cache/w6-sf10-priority-20260709/manifest.tsv row=oracle/import column=store_size_bytes	lsmgraph-rs/baseline/run_w6_sf100_matrix_20260613.sh#import_variant; cidr-experiments/data/source-cache/w6-sf10-priority-20260709/manifest.tsv row=oracle/import	Import-side resource evidence only; no read-phase CPU/op, PSS, perf counters, compaction stall, or independent import repeats. Git SHA, binary hash, and run-specific hardware manifest are absent.
fig3-resource-tradeoff	sf10-import-resource	w6_sf10_fig3	SF10:oracle:store_size_gib_derived	SemL0	oracle	SF10	import_snb_full	single import; /usr/bin/time -v; SNB_SKIP_ADJ_CACHE=1; memgraph_bytes=67108864	semantic_budget			store_size_gib_derived	13.41035268176347	GiB	derived	w6_sf10_import_time_v	EXIT_0	IMPORT_RESOURCE_ONLY	FIX	cidr-experiments/data/source-cache/w6-sf10-priority-20260709/manifest.tsv row=oracle/import store_size_bytes / 2^30	lsmgraph-rs/baseline/run_w6_sf100_matrix_20260613.sh#import_variant; cidr-experiments/data/source-cache/w6-sf10-priority-20260709/manifest.tsv row=oracle/import	Import-side resource evidence only; no read-phase CPU/op, PSS, perf counters, compaction stall, or independent import repeats. Git SHA, binary hash, and run-specific hardware manifest are absent.
fig3-resource-tradeoff	sf10-import-resource	w6_sf10_fig3	SF10:oracle:l0_files	SemL0	oracle	SF10	import_snb_full	single import; /usr/bin/time -v; SNB_SKIP_ADJ_CACHE=1; memgraph_bytes=67108864	semantic_budget			l0_files	170	files	single_import	w6_sf10_import_time_v	EXIT_0	IMPORT_RESOURCE_ONLY	FIX	cidr-experiments/data/source-cache/w6-sf10-priority-20260709-summary.md#Aggregate Matrix row=oracle column=L0 files	lsmgraph-rs/baseline/run_w6_sf100_matrix_20260613.sh#import_variant; cidr-experiments/data/source-cache/w6-sf10-priority-20260709/manifest.tsv row=oracle/import	Import-side resource evidence only; no read-phase CPU/op, PSS, perf counters, compaction stall, or independent import repeats. Git SHA, binary hash, and run-specific hardware manifest are absent.
fig3-resource-tradeoff	sf10-import-resource	w6_sf10_fig3	SF10:oracle:import_elapsed_s	SemL0	oracle	SF10	import_snb_full	single import; /usr/bin/time -v; SNB_SKIP_ADJ_CACHE=1; memgraph_bytes=67108864	semantic_budget			import_elapsed_s	197.46	seconds	single_import_wall_clock	w6_sf10_import_time_v	EXIT_0	IMPORT_RESOURCE_ONLY	FIX	cidr-experiments/data/source-cache/w6-sf10-priority-20260709/oracle-import.stderr#/usr/bin/time -v field=Elapsed raw=3:17.46; parsed as minutes:seconds	lsmgraph-rs/baseline/run_w6_sf100_matrix_20260613.sh#import_variant; cidr-experiments/data/source-cache/w6-sf10-priority-20260709/manifest.tsv row=oracle/import	Import-side resource evidence only; no read-phase CPU/op, PSS, perf counters, compaction stall, or independent import repeats. Git SHA, binary hash, and run-specific hardware manifest are absent.
fig3-resource-tradeoff	sf10-import-resource	w6_sf10_fig3	SF10:oracle:import_user_cpu_s	SemL0	oracle	SF10	import_snb_full	single import; /usr/bin/time -v; SNB_SKIP_ADJ_CACHE=1; memgraph_bytes=67108864	semantic_budget			import_user_cpu_s	322.78	seconds	single_import	w6_sf10_import_time_v	EXIT_0	IMPORT_RESOURCE_ONLY	FIX	cidr-experiments/data/source-cache/w6-sf10-priority-20260709/oracle-import.stderr#/usr/bin/time -v field=User time (seconds)	lsmgraph-rs/baseline/run_w6_sf100_matrix_20260613.sh#import_variant; cidr-experiments/data/source-cache/w6-sf10-priority-20260709/manifest.tsv row=oracle/import	Import-side resource evidence only; no read-phase CPU/op, PSS, perf counters, compaction stall, or independent import repeats. Git SHA, binary hash, and run-specific hardware manifest are absent.
fig3-resource-tradeoff	sf10-import-resource	w6_sf10_fig3	SF10:oracle:import_system_cpu_s	SemL0	oracle	SF10	import_snb_full	single import; /usr/bin/time -v; SNB_SKIP_ADJ_CACHE=1; memgraph_bytes=67108864	semantic_budget			import_system_cpu_s	56.93	seconds	single_import	w6_sf10_import_time_v	EXIT_0	IMPORT_RESOURCE_ONLY	FIX	cidr-experiments/data/source-cache/w6-sf10-priority-20260709/oracle-import.stderr#/usr/bin/time -v field=System time (seconds)	lsmgraph-rs/baseline/run_w6_sf100_matrix_20260613.sh#import_variant; cidr-experiments/data/source-cache/w6-sf10-priority-20260709/manifest.tsv row=oracle/import	Import-side resource evidence only; no read-phase CPU/op, PSS, perf counters, compaction stall, or independent import repeats. Git SHA, binary hash, and run-specific hardware manifest are absent.
fig3-resource-tradeoff	sf10-import-resource	w6_sf10_fig3	SF10:oracle:import_cpu_percent	SemL0	oracle	SF10	import_snb_full	single import; /usr/bin/time -v; SNB_SKIP_ADJ_CACHE=1; memgraph_bytes=67108864	semantic_budget			import_cpu_percent	192	percent	single_import	w6_sf10_import_time_v	EXIT_0	IMPORT_RESOURCE_ONLY	FIX	cidr-experiments/data/source-cache/w6-sf10-priority-20260709/oracle-import.stderr#/usr/bin/time -v field=Percent of CPU this job got	lsmgraph-rs/baseline/run_w6_sf100_matrix_20260613.sh#import_variant; cidr-experiments/data/source-cache/w6-sf10-priority-20260709/manifest.tsv row=oracle/import	Import-side resource evidence only; no read-phase CPU/op, PSS, perf counters, compaction stall, or independent import repeats. Git SHA, binary hash, and run-specific hardware manifest are absent.
fig3-resource-tradeoff	sf10-import-resource	w6_sf10_fig3	SF10:oracle:import_max_rss_kb	SemL0	oracle	SF10	import_snb_full	single import; /usr/bin/time -v; SNB_SKIP_ADJ_CACHE=1; memgraph_bytes=67108864	semantic_budget			import_max_rss_kb	2375464	kbytes_time_v	single_import	w6_sf10_import_time_v	EXIT_0	IMPORT_RESOURCE_ONLY	FIX	cidr-experiments/data/source-cache/w6-sf10-priority-20260709/oracle-import.stderr#/usr/bin/time -v field=Maximum resident set size (kbytes)	lsmgraph-rs/baseline/run_w6_sf100_matrix_20260613.sh#import_variant; cidr-experiments/data/source-cache/w6-sf10-priority-20260709/manifest.tsv row=oracle/import	Import-side resource evidence only; no read-phase CPU/op, PSS, perf counters, compaction stall, or independent import repeats. Git SHA, binary hash, and run-specific hardware manifest are absent.
fig3-resource-tradeoff	sf10-import-resource	w6_sf10_fig3	SF10:oracle:filesystem_inputs	SemL0	oracle	SF10	import_snb_full	single import; /usr/bin/time -v; SNB_SKIP_ADJ_CACHE=1; memgraph_bytes=67108864	semantic_budget			filesystem_inputs	40	time_v_reported_units	single_import	w6_sf10_import_time_v	EXIT_0	IMPORT_RESOURCE_ONLY	FIX	cidr-experiments/data/source-cache/w6-sf10-priority-20260709/oracle-import.stderr#/usr/bin/time -v field=File system inputs	lsmgraph-rs/baseline/run_w6_sf100_matrix_20260613.sh#import_variant; cidr-experiments/data/source-cache/w6-sf10-priority-20260709/manifest.tsv row=oracle/import	Import-side resource evidence only; no read-phase CPU/op, PSS, perf counters, compaction stall, or independent import repeats. Git SHA, binary hash, and run-specific hardware manifest are absent.
fig3-resource-tradeoff	sf10-import-resource	w6_sf10_fig3	SF10:oracle:filesystem_outputs	SemL0	oracle	SF10	import_snb_full	single import; /usr/bin/time -v; SNB_SKIP_ADJ_CACHE=1; memgraph_bytes=67108864	semantic_budget			filesystem_outputs	28125688	time_v_reported_units	single_import	w6_sf10_import_time_v	EXIT_0	IMPORT_RESOURCE_ONLY	FIX	cidr-experiments/data/source-cache/w6-sf10-priority-20260709/oracle-import.stderr#/usr/bin/time -v field=File system outputs	lsmgraph-rs/baseline/run_w6_sf100_matrix_20260613.sh#import_variant; cidr-experiments/data/source-cache/w6-sf10-priority-20260709/manifest.tsv row=oracle/import	Import-side resource evidence only; no read-phase CPU/op, PSS, perf counters, compaction stall, or independent import repeats. Git SHA, binary hash, and run-specific hardware manifest are absent.
fig3-resource-tradeoff	sf10-import-resource	w6_sf10_fig3	SF10:oracle:exit_status	SemL0	oracle	SF10	import_snb_full	single import; /usr/bin/time -v; SNB_SKIP_ADJ_CACHE=1; memgraph_bytes=67108864	semantic_budget			exit_status	0	code	single_import	w6_sf10_import_time_v	EXIT_0	IMPORT_RESOURCE_ONLY	FIX	cidr-experiments/data/source-cache/w6-sf10-priority-20260709/oracle-import.stderr#/usr/bin/time -v field=Exit status	lsmgraph-rs/baseline/run_w6_sf100_matrix_20260613.sh#import_variant; cidr-experiments/data/source-cache/w6-sf10-priority-20260709/manifest.tsv row=oracle/import	Import-side resource evidence only; no read-phase CPU/op, PSS, perf counters, compaction stall, or independent import repeats. Git SHA, binary hash, and run-specific hardware manifest are absent.
fig3-resource-tradeoff	sf100-summary-resource	w6_sf100_fig3	SF100:schema:store_size_gib_reported	SemL0	schema	SF100	import_snb_full	single import summary	semantic_budget			store_size_gib_reported	133.9	GiB_reported	single_import	w6_sf100_import_summary	PASS (45,000)	PARTIAL_RESOURCE_ONLY	FIX	cidr-experiments/data/source-cache/sf100-matrix-20260613-cn.md#Aggregate Matrix row=schema column=store GiB	cidr-experiments/data/source-cache/sf100-matrix-20260613-cn.md#Aggregate Matrix and Import RSS	Only rounded store GiB, L0 file count, and import max RSS are locally summarized; CPU, exact disk bytes, and raw time-v logs are absent locally.
fig3-resource-tradeoff	sf100-summary-resource	w6_sf100_fig3	SF100:schema:l0_files	SemL0	schema	SF100	import_snb_full	single import summary	semantic_budget			l0_files	3444	files	single_import	w6_sf100_import_summary	PASS (45,000)	PARTIAL_RESOURCE_ONLY	FIX	cidr-experiments/data/source-cache/sf100-matrix-20260613-cn.md#Aggregate Matrix row=schema column=L0 files	cidr-experiments/data/source-cache/sf100-matrix-20260613-cn.md#Aggregate Matrix and Import RSS	Only rounded store GiB, L0 file count, and import max RSS are locally summarized; CPU, exact disk bytes, and raw time-v logs are absent locally.
fig3-resource-tradeoff	sf100-summary-resource	w6_sf100_fig3	SF100:schema:import_max_rss_gib_reported	SemL0	schema	SF100	import_snb_full	single import summary	semantic_budget			import_max_rss_gib_reported	2.42	GiB_reported	single_import_time_v	w6_sf100_import_summary	PASS (45,000)	PARTIAL_RESOURCE_ONLY	FIX	cidr-experiments/data/source-cache/sf100-matrix-20260613-cn.md#Import RSS row=schema column=max RSS GiB	cidr-experiments/data/source-cache/sf100-matrix-20260613-cn.md#Aggregate Matrix and Import RSS	Only rounded store GiB, L0 file count, and import max RSS are locally summarized; CPU, exact disk bytes, and raw time-v logs are absent locally.
fig3-resource-tradeoff	sf100-summary-resource	w6_sf100_fig3	SF100:naive:store_size_gib_reported	SemL0	naive	SF100	import_snb_full	single import summary	semantic_budget			store_size_gib_reported	134.6	GiB_reported	single_import	w6_sf100_import_summary	anchor	PARTIAL_RESOURCE_ONLY	FIX	cidr-experiments/data/source-cache/sf100-matrix-20260613-cn.md#Aggregate Matrix row=naive column=store GiB	cidr-experiments/data/source-cache/sf100-matrix-20260613-cn.md#Aggregate Matrix and Import RSS	Only rounded store GiB, L0 file count, and import max RSS are locally summarized; CPU, exact disk bytes, and raw time-v logs are absent locally.
fig3-resource-tradeoff	sf100-summary-resource	w6_sf100_fig3	SF100:naive:l0_files	SemL0	naive	SF100	import_snb_full	single import summary	semantic_budget			l0_files	1703	files	single_import	w6_sf100_import_summary	anchor	PARTIAL_RESOURCE_ONLY	FIX	cidr-experiments/data/source-cache/sf100-matrix-20260613-cn.md#Aggregate Matrix row=naive column=L0 files	cidr-experiments/data/source-cache/sf100-matrix-20260613-cn.md#Aggregate Matrix and Import RSS	Only rounded store GiB, L0 file count, and import max RSS are locally summarized; CPU, exact disk bytes, and raw time-v logs are absent locally.
fig3-resource-tradeoff	sf100-summary-resource	w6_sf100_fig3	SF100:naive:import_max_rss_gib_reported	SemL0	naive	SF100	import_snb_full	single import summary	semantic_budget			import_max_rss_gib_reported	2.43	GiB_reported	single_import_time_v	w6_sf100_import_summary	anchor	PARTIAL_RESOURCE_ONLY	FIX	cidr-experiments/data/source-cache/sf100-matrix-20260613-cn.md#Import RSS row=naive column=max RSS GiB	cidr-experiments/data/source-cache/sf100-matrix-20260613-cn.md#Aggregate Matrix and Import RSS	Only rounded store GiB, L0 file count, and import max RSS are locally summarized; CPU, exact disk bytes, and raw time-v logs are absent locally.
fig3-resource-tradeoff	sf100-summary-resource	w6_sf100_fig3	SF100:kv-lsm:store_size_gib_reported	SemL0	kv-lsm	SF100	import_snb_full	single import summary	semantic_budget			store_size_gib_reported	134.6	GiB_reported	single_import	w6_sf100_import_summary	PASS (45,000)	PARTIAL_RESOURCE_ONLY	FIX	cidr-experiments/data/source-cache/sf100-matrix-20260613-cn.md#Aggregate Matrix row=kv-lsm column=store GiB	cidr-experiments/data/source-cache/sf100-matrix-20260613-cn.md#Aggregate Matrix and Import RSS	Only rounded store GiB, L0 file count, and import max RSS are locally summarized; CPU, exact disk bytes, and raw time-v logs are absent locally.
fig3-resource-tradeoff	sf100-summary-resource	w6_sf100_fig3	SF100:kv-lsm:l0_files	SemL0	kv-lsm	SF100	import_snb_full	single import summary	semantic_budget			l0_files	1703	files	single_import	w6_sf100_import_summary	PASS (45,000)	PARTIAL_RESOURCE_ONLY	FIX	cidr-experiments/data/source-cache/sf100-matrix-20260613-cn.md#Aggregate Matrix row=kv-lsm column=L0 files	cidr-experiments/data/source-cache/sf100-matrix-20260613-cn.md#Aggregate Matrix and Import RSS	Only rounded store GiB, L0 file count, and import max RSS are locally summarized; CPU, exact disk bytes, and raw time-v logs are absent locally.
fig3-resource-tradeoff	sf100-summary-resource	w6_sf100_fig3	SF100:kv-lsm:import_max_rss_gib_reported	SemL0	kv-lsm	SF100	import_snb_full	single import summary	semantic_budget			import_max_rss_gib_reported	2.49	GiB_reported	single_import_time_v	w6_sf100_import_summary	PASS (45,000)	PARTIAL_RESOURCE_ONLY	FIX	cidr-experiments/data/source-cache/sf100-matrix-20260613-cn.md#Import RSS row=kv-lsm column=max RSS GiB	cidr-experiments/data/source-cache/sf100-matrix-20260613-cn.md#Aggregate Matrix and Import RSS	Only rounded store GiB, L0 file count, and import max RSS are locally summarized; CPU, exact disk bytes, and raw time-v logs are absent locally.
fig3-resource-tradeoff	sf100-summary-resource	w6_sf100_fig3	SF100:edge-type-only:store_size_gib_reported	SemL0	edge-type-only	SF100	import_snb_full	single import summary	semantic_budget			store_size_gib_reported	133.9	GiB_reported	single_import	w6_sf100_import_summary	PASS (45,000)	PARTIAL_RESOURCE_ONLY	FIX	cidr-experiments/data/source-cache/sf100-matrix-20260613-cn.md#Aggregate Matrix row=edge-type-only column=store GiB	cidr-experiments/data/source-cache/sf100-matrix-20260613-cn.md#Aggregate Matrix and Import RSS	Only rounded store GiB, L0 file count, and import max RSS are locally summarized; CPU, exact disk bytes, and raw time-v logs are absent locally.
fig3-resource-tradeoff	sf100-summary-resource	w6_sf100_fig3	SF100:edge-type-only:l0_files	SemL0	edge-type-only	SF100	import_snb_full	single import summary	semantic_budget			l0_files	3446	files	single_import	w6_sf100_import_summary	PASS (45,000)	PARTIAL_RESOURCE_ONLY	FIX	cidr-experiments/data/source-cache/sf100-matrix-20260613-cn.md#Aggregate Matrix row=edge-type-only column=L0 files	cidr-experiments/data/source-cache/sf100-matrix-20260613-cn.md#Aggregate Matrix and Import RSS	Only rounded store GiB, L0 file count, and import max RSS are locally summarized; CPU, exact disk bytes, and raw time-v logs are absent locally.
fig3-resource-tradeoff	sf100-summary-resource	w6_sf100_fig3	SF100:edge-type-only:import_max_rss_gib_reported	SemL0	edge-type-only	SF100	import_snb_full	single import summary	semantic_budget			import_max_rss_gib_reported	2.53	GiB_reported	single_import_time_v	w6_sf100_import_summary	PASS (45,000)	PARTIAL_RESOURCE_ONLY	FIX	cidr-experiments/data/source-cache/sf100-matrix-20260613-cn.md#Import RSS row=edge-type-only column=max RSS GiB	cidr-experiments/data/source-cache/sf100-matrix-20260613-cn.md#Aggregate Matrix and Import RSS	Only rounded store GiB, L0 file count, and import max RSS are locally summarized; CPU, exact disk bytes, and raw time-v logs are absent locally.
fig3-resource-tradeoff	sf100-summary-resource	w6_sf100_fig3	SF100:semantic:store_size_gib_reported	SemL0	semantic	SF100	import_snb_full	single import summary	semantic_budget			store_size_gib_reported	146.4	GiB_reported	single_import	w6_sf100_import_summary	PASS (45,000)	PARTIAL_RESOURCE_ONLY	FIX	cidr-experiments/data/source-cache/sf100-matrix-20260613-cn.md#Aggregate Matrix row=semantic column=store GiB	cidr-experiments/data/source-cache/sf100-matrix-20260613-cn.md#Aggregate Matrix and Import RSS	Only rounded store GiB, L0 file count, and import max RSS are locally summarized; CPU, exact disk bytes, and raw time-v logs are absent locally.
fig3-resource-tradeoff	sf100-summary-resource	w6_sf100_fig3	SF100:semantic:l0_files	SemL0	semantic	SF100	import_snb_full	single import summary	semantic_budget			l0_files	6615	files	single_import	w6_sf100_import_summary	PASS (45,000)	PARTIAL_RESOURCE_ONLY	FIX	cidr-experiments/data/source-cache/sf100-matrix-20260613-cn.md#Aggregate Matrix row=semantic column=L0 files	cidr-experiments/data/source-cache/sf100-matrix-20260613-cn.md#Aggregate Matrix and Import RSS	Only rounded store GiB, L0 file count, and import max RSS are locally summarized; CPU, exact disk bytes, and raw time-v logs are absent locally.
fig3-resource-tradeoff	sf100-summary-resource	w6_sf100_fig3	SF100:semantic:import_max_rss_gib_reported	SemL0	semantic	SF100	import_snb_full	single import summary	semantic_budget			import_max_rss_gib_reported	118.03	GiB_reported	single_import_time_v	w6_sf100_import_summary	PASS (45,000)	PARTIAL_RESOURCE_ONLY	FIX	cidr-experiments/data/source-cache/sf100-matrix-20260613-cn.md#Import RSS row=semantic column=max RSS GiB	cidr-experiments/data/source-cache/sf100-matrix-20260613-cn.md#Aggregate Matrix and Import RSS	Only rounded store GiB, L0 file count, and import max RSS are locally summarized; CPU, exact disk bytes, and raw time-v logs are absent locally.
fig3-resource-tradeoff	sf100-summary-resource	w6_sf100_fig3	SF100:budg-b64:store_size_gib_reported	SemL0	budg-b64	SF100	import_snb_full	single import summary	semantic_budget	64	max_extra_l0_files	store_size_gib_reported	133.9	GiB_reported	single_import	w6_sf100_import_summary	PASS (45,000)	PARTIAL_RESOURCE_ONLY	FIX	cidr-experiments/data/source-cache/sf100-matrix-20260613-cn.md#Aggregate Matrix row=budg-b64 column=store GiB	cidr-experiments/data/source-cache/sf100-matrix-20260613-cn.md#Aggregate Matrix and Import RSS	Only rounded store GiB, L0 file count, and import max RSS are locally summarized; CPU, exact disk bytes, and raw time-v logs are absent locally.
fig3-resource-tradeoff	sf100-summary-resource	w6_sf100_fig3	SF100:budg-b64:l0_files	SemL0	budg-b64	SF100	import_snb_full	single import summary	semantic_budget	64	max_extra_l0_files	l0_files	3483	files	single_import	w6_sf100_import_summary	PASS (45,000)	PARTIAL_RESOURCE_ONLY	FIX	cidr-experiments/data/source-cache/sf100-matrix-20260613-cn.md#Aggregate Matrix row=budg-b64 column=L0 files	cidr-experiments/data/source-cache/sf100-matrix-20260613-cn.md#Aggregate Matrix and Import RSS	Only rounded store GiB, L0 file count, and import max RSS are locally summarized; CPU, exact disk bytes, and raw time-v logs are absent locally.
fig3-resource-tradeoff	sf100-summary-resource	w6_sf100_fig3	SF100:budg-b64:import_max_rss_gib_reported	SemL0	budg-b64	SF100	import_snb_full	single import summary	semantic_budget	64	max_extra_l0_files	import_max_rss_gib_reported	2.21	GiB_reported	single_import_time_v	w6_sf100_import_summary	PASS (45,000)	PARTIAL_RESOURCE_ONLY	FIX	cidr-experiments/data/source-cache/sf100-matrix-20260613-cn.md#Import RSS row=budg-b64 column=max RSS GiB	cidr-experiments/data/source-cache/sf100-matrix-20260613-cn.md#Aggregate Matrix and Import RSS	Only rounded store GiB, L0 file count, and import max RSS are locally summarized; CPU, exact disk bytes, and raw time-v logs are absent locally.
fig3-resource-tradeoff	sf100-summary-resource	w6_sf100_fig3	SF100:budg-b256:store_size_gib_reported	SemL0	budg-b256	SF100	import_snb_full	single import summary	semantic_budget	256	max_extra_l0_files	store_size_gib_reported	133.9	GiB_reported	single_import	w6_sf100_import_summary	PASS (45,000)	PARTIAL_RESOURCE_ONLY	FIX	cidr-experiments/data/source-cache/sf100-matrix-20260613-cn.md#Aggregate Matrix row=budg-b256 column=store GiB	cidr-experiments/data/source-cache/sf100-matrix-20260613-cn.md#Aggregate Matrix and Import RSS	Only rounded store GiB, L0 file count, and import max RSS are locally summarized; CPU, exact disk bytes, and raw time-v logs are absent locally.
fig3-resource-tradeoff	sf100-summary-resource	w6_sf100_fig3	SF100:budg-b256:l0_files	SemL0	budg-b256	SF100	import_snb_full	single import summary	semantic_budget	256	max_extra_l0_files	l0_files	3675	files	single_import	w6_sf100_import_summary	PASS (45,000)	PARTIAL_RESOURCE_ONLY	FIX	cidr-experiments/data/source-cache/sf100-matrix-20260613-cn.md#Aggregate Matrix row=budg-b256 column=L0 files	cidr-experiments/data/source-cache/sf100-matrix-20260613-cn.md#Aggregate Matrix and Import RSS	Only rounded store GiB, L0 file count, and import max RSS are locally summarized; CPU, exact disk bytes, and raw time-v logs are absent locally.
fig3-resource-tradeoff	sf100-summary-resource	w6_sf100_fig3	SF100:budg-b256:import_max_rss_gib_reported	SemL0	budg-b256	SF100	import_snb_full	single import summary	semantic_budget	256	max_extra_l0_files	import_max_rss_gib_reported	2.49	GiB_reported	single_import_time_v	w6_sf100_import_summary	PASS (45,000)	PARTIAL_RESOURCE_ONLY	FIX	cidr-experiments/data/source-cache/sf100-matrix-20260613-cn.md#Import RSS row=budg-b256 column=max RSS GiB	cidr-experiments/data/source-cache/sf100-matrix-20260613-cn.md#Aggregate Matrix and Import RSS	Only rounded store GiB, L0 file count, and import max RSS are locally summarized; CPU, exact disk bytes, and raw time-v logs are absent locally.
fig3-resource-tradeoff	sf100-summary-resource	w6_sf100_fig3	SF100:budg-b1024:store_size_gib_reported	SemL0	budg-b1024	SF100	import_snb_full	single import summary	semantic_budget	1024	max_extra_l0_files	store_size_gib_reported	134	GiB_reported	single_import	w6_sf100_import_summary	PASS (45,000)	PARTIAL_RESOURCE_ONLY	FIX	cidr-experiments/data/source-cache/sf100-matrix-20260613-cn.md#Aggregate Matrix row=budg-b1024 column=store GiB	cidr-experiments/data/source-cache/sf100-matrix-20260613-cn.md#Aggregate Matrix and Import RSS	Only rounded store GiB, L0 file count, and import max RSS are locally summarized; CPU, exact disk bytes, and raw time-v logs are absent locally.
fig3-resource-tradeoff	sf100-summary-resource	w6_sf100_fig3	SF100:budg-b1024:l0_files	SemL0	budg-b1024	SF100	import_snb_full	single import summary	semantic_budget	1024	max_extra_l0_files	l0_files	4451	files	single_import	w6_sf100_import_summary	PASS (45,000)	PARTIAL_RESOURCE_ONLY	FIX	cidr-experiments/data/source-cache/sf100-matrix-20260613-cn.md#Aggregate Matrix row=budg-b1024 column=L0 files	cidr-experiments/data/source-cache/sf100-matrix-20260613-cn.md#Aggregate Matrix and Import RSS	Only rounded store GiB, L0 file count, and import max RSS are locally summarized; CPU, exact disk bytes, and raw time-v logs are absent locally.
fig3-resource-tradeoff	sf100-summary-resource	w6_sf100_fig3	SF100:budg-b1024:import_max_rss_gib_reported	SemL0	budg-b1024	SF100	import_snb_full	single import summary	semantic_budget	1024	max_extra_l0_files	import_max_rss_gib_reported	2.68	GiB_reported	single_import_time_v	w6_sf100_import_summary	PASS (45,000)	PARTIAL_RESOURCE_ONLY	FIX	cidr-experiments/data/source-cache/sf100-matrix-20260613-cn.md#Import RSS row=budg-b1024 column=max RSS GiB	cidr-experiments/data/source-cache/sf100-matrix-20260613-cn.md#Aggregate Matrix and Import RSS	Only rounded store GiB, L0 file count, and import max RSS are locally summarized; CPU, exact disk bytes, and raw time-v logs are absent locally.
fig3-resource-tradeoff	sf100-summary-resource	w6_sf100_fig3	SF100:oracle:store_size_gib_reported	SemL0	oracle	SF100	import_snb_full	single import summary	semantic_budget			store_size_gib_reported	134.6	GiB_reported	single_import	w6_sf100_import_summary	PASS (45,000)	PARTIAL_RESOURCE_ONLY	FIX	cidr-experiments/data/source-cache/sf100-matrix-20260613-cn.md#Aggregate Matrix row=oracle column=store GiB	cidr-experiments/data/source-cache/sf100-matrix-20260613-cn.md#Aggregate Matrix and Import RSS	Only rounded store GiB, L0 file count, and import max RSS are locally summarized; CPU, exact disk bytes, and raw time-v logs are absent locally.
fig3-resource-tradeoff	sf100-summary-resource	w6_sf100_fig3	SF100:oracle:l0_files	SemL0	oracle	SF100	import_snb_full	single import summary	semantic_budget			l0_files	1703	files	single_import	w6_sf100_import_summary	PASS (45,000)	PARTIAL_RESOURCE_ONLY	FIX	cidr-experiments/data/source-cache/sf100-matrix-20260613-cn.md#Aggregate Matrix row=oracle column=L0 files	cidr-experiments/data/source-cache/sf100-matrix-20260613-cn.md#Aggregate Matrix and Import RSS	Only rounded store GiB, L0 file count, and import max RSS are locally summarized; CPU, exact disk bytes, and raw time-v logs are absent locally.
fig3-resource-tradeoff	sf100-summary-resource	w6_sf100_fig3	SF100:oracle:import_max_rss_gib_reported	SemL0	oracle	SF100	import_snb_full	single import summary	semantic_budget			import_max_rss_gib_reported	2.67	GiB_reported	single_import_time_v	w6_sf100_import_summary	PASS (45,000)	PARTIAL_RESOURCE_ONLY	FIX	cidr-experiments/data/source-cache/sf100-matrix-20260613-cn.md#Import RSS row=oracle column=max RSS GiB	cidr-experiments/data/source-cache/sf100-matrix-20260613-cn.md#Aggregate Matrix and Import RSS	Only rounded store GiB, L0 file count, and import max RSS are locally summarized; CPU, exact disk bytes, and raw time-v logs are absent locally.
